check_date,engine,query,position,is_brand
2026-07-12,google,2 спота,45.0,False
2026-07-12,yandex,2 спота,18.0,False
2026-07-12,google,ambrella light,9.0,False
2026-07-12,yandex,ambrella light,6.0,False
2026-07-12,yandex,ambrella light производитель страна,11.0,False
2026-07-12,google,ambrella light светильник,12.0,False
2026-07-12,google,ambrella volt,11.0,False
2026-07-12,yandex,ambrella volt,9.0,False
2026-07-12,google,arte lamp,39.0,False
2026-07-12,yandex,arte lamp,18.0,False
2026-07-12,yandex,arte lamp подвесной,32.0,False
2026-07-12,google,belfast светильники,3.0,False
2026-07-12,google,citilux,10.0,False
2026-07-12,yandex,citilux,6.0,False
2026-07-12,google,citilux led,17.0,False
2026-07-12,google,citilux led driver,3.0,False
2026-07-12,google,citilux smart,27.0,False
2026-07-12,yandex,citilux smart,10.0,False
2026-07-12,google,citilux люстра,30.0,False
2026-07-12,google,denkirs светильники,9.0,False
2026-07-12,yandex,denkirs светильники,4.0,False
2026-07-12,google,e14 цоколь,9.0,False
2026-07-12,yandex,e14 цоколь,1.0,False
2026-07-12,google,eglo,10.0,False
2026-07-12,yandex,eglo,30.0,False
2026-07-12,google,elektrostandard,20.0,False
2026-07-12,yandex,elektrostandart,31.0,False
2026-07-12,yandex,eurosvet светильники,7.0,False
2026-07-12,yandex,favourite,18.0,False
2026-07-12,google,freya,11.0,False
2026-07-12,google,freya светильники,11.0,False
2026-07-12,yandex,freya светильники,20.0,False
2026-07-12,yandex,g53 светильник,7.0,False
2026-07-12,google,kink light светильник самолет,2.0,False
2026-07-12,yandex,kink light светильник самолет,1.0,False
2026-07-12,google,led driver citilux,6.0,False
2026-07-12,yandex,led driver citilux,7.0,False
2026-07-12,google,led светильники потолочные,32.0,False
2026-07-12,yandex,led светильники потолочные,6.0,False
2026-07-12,yandex,light бра,11.0,False
2026-07-12,yandex,lighting настенный светильник,17.0,False
2026-07-12,yandex,lighting подвесной светильник,11.0,False
2026-07-12,yandex,lightstar,28.0,False
2026-07-12,google,luce люстры,17.0,False
2026-07-12,yandex,luce люстры,4.0,False
2026-07-12,yandex,lumia светильники,4.0,False
2026-07-12,yandex,lussole,18.0,False
2026-07-12,google,lux свет,2.0,False
2026-07-12,yandex,lux свет,12.0,False
2026-07-12,google,mantra торшеры,23.0,False
2026-07-12,yandex,mantra торшеры,9.0,False
2026-07-12,google,mantra уличный светильник,7.0,False
2026-07-12,yandex,mantra уличный светильник,15.0,False
2026-07-12,google,maytoni,39.0,False
2026-07-12,yandex,maytoni,28.0,False
2026-07-12,google,maytoni downing street,14.0,False
2026-07-12,yandex,maytoni ego,17.0,False
2026-07-12,google,maytoni gu10,24.0,False
2026-07-12,yandex,maytoni gu10,40.0,False
2026-07-12,yandex,maytoni led,20.0,False
2026-07-12,google,maytoni ru,25.0,False
2026-07-12,yandex,maytoni ru,27.0,False
2026-07-12,google,maytoni встраиваемый,25.0,False
2026-07-12,google,maytoni встроенный,17.0,False
2026-07-12,yandex,maytoni встроенный,29.0,False
2026-07-12,google,maytoni официальный,37.0,False
2026-07-12,google,maytoni официальный сайт,16.0,False
2026-07-12,yandex,maytoni официальный сайт,36.0,False
2026-07-12,yandex,maytoni подвесной,48.0,False
2026-07-12,google,maytoni сайт,15.0,False
2026-07-12,yandex,maytoni сайт,28.0,False
2026-07-12,google,maytoni уличные,6.0,False
2026-07-12,yandex,maytoni уличные,22.0,False
2026-07-12,google,newport люстры,7.0,False
2026-07-12,yandex,novotech,10.0,False
2026-07-12,google,odeon light,19.0,False
2026-07-12,google,omnilux люстра,12.0,False
2026-07-12,google,reccagni angelo,14.0,False
2026-07-12,yandex,reccagni angelo,10.0,False
2026-07-12,google,rgb led лента,14.0,False
2026-07-12,google,rgb ленты,12.0,False
2026-07-12,google,rgbw лента,19.0,False
2026-07-12,yandex,rgbw лента,19.0,False
2026-07-12,google,smart arlight,16.0,False
2026-07-12,yandex,smart arlight,28.0,False
2026-07-12,yandex,st luce,21.0,False
2026-07-12,yandex,st luce sl,8.0,False
2026-07-12,google,st luce светильники,14.0,False
2026-07-12,google,stilfort,12.0,False
2026-07-12,google,swg светильники,2.0,False
2026-07-12,yandex,swg светильники,10.0,False
2026-07-12,google,velante люстра,13.0,False
2026-07-12,yandex,абажур,3.0,False
2026-07-12,google,абажур для люстры,2.0,False
2026-07-12,yandex,абажур для люстры,1.0,False
2026-07-12,google,абажур для настольной лампы купить отдельно,3.0,False
2026-07-12,yandex,абажур для настольной лампы купить отдельно,7.0,False
2026-07-12,google,абажур для торшера,23.0,False
2026-07-12,google,абажур купить,7.0,False
2026-07-12,yandex,абажур купить,5.0,False
2026-07-12,google,абажур купить в москве,8.0,False
2026-07-12,yandex,абажур купить в москве,6.0,False
2026-07-12,google,абажур на люстру,4.0,False
2026-07-12,google,абажур на настольную лампу,4.0,False
2026-07-12,yandex,абажур на настольную лампу,3.0,False
2026-07-12,google,абажур на светильник,3.0,False
2026-07-12,google,абажуры,18.0,False
2026-07-12,yandex,абажуры,3.0,False
2026-07-12,google,абажуры для бра,8.0,False
2026-07-12,yandex,абажуры для бра,7.0,False
2026-07-12,google,абажуры для ламп,4.0,False
2026-07-12,yandex,абажуры для ламп,4.0,False
2026-07-12,google,абажуры для люстр купить,2.0,False
2026-07-12,yandex,абажуры для люстр купить,2.0,False
2026-07-12,google,абажуры для люстры,2.0,False
2026-07-12,yandex,абажуры для люстры,3.0,False
2026-07-12,google,абажуры для настольных ламп,8.0,False
2026-07-12,yandex,абажуры для настольных ламп,4.0,False
2026-07-12,google,абажуры для настольных ламп отдельно,4.0,False
2026-07-12,yandex,абажуры для настольных ламп отдельно,4.0,False
2026-07-12,google,абажуры для светильников,2.0,False
2026-07-12,yandex,абажуры для светильников,3.0,False
2026-07-12,google,абажуры купить,3.0,False
2026-07-12,yandex,абажуры купить,7.0,False
2026-07-12,google,абажуры на люстру,3.0,False
2026-07-12,yandex,абажуры на люстру,1.0,False
2026-07-12,google,аксессуары для люстры,1.0,False
2026-07-12,google,аксессуары для светильников,2.0,False
2026-07-12,yandex,аксессуары для светильников,7.0,False
2026-07-12,google,алюминиевый профиль для ступеней с подсветкой,14.0,False
2026-07-12,yandex,алюминиевый профиль для ступеней с подсветкой,23.0,False
2026-07-12,yandex,американские настольные лампы,2.0,False
2026-07-12,google,арматура для тросовых светильников,29.0,False
2026-07-12,yandex,арматура для тросовых светильников,1.0,False
2026-07-12,google,арочный торшер купить,3.0,False
2026-07-12,google,арт деко люстры,10.0,False
2026-07-12,yandex,арт деко люстры,2.0,False
2026-07-12,yandex,артдеко свет,4.0,False
2026-07-12,yandex,арте ламп,10.0,False
2026-07-12,yandex,белые встроенные светильники,28.0,False
2026-07-12,google,беспроводной светильник на балкон,3.0,False
2026-07-12,yandex,блок люстры,20.0,False
2026-07-12,google,блок управления для светильника потолочного citilux,12.0,False
2026-07-12,yandex,блок управления для светильника потолочного citilux,6.0,False
2026-07-12,google,большой выбор освещения в москве,11.0,False
2026-07-12,yandex,большой выбор освещения в москве,4.0,False
2026-07-12,google,бра,31.0,False
2026-07-12,yandex,бра lighting,18.0,False
2026-07-12,yandex,бра odeon,3.0,False
2026-07-12,yandex,бра odeon light,2.0,False
2026-07-12,yandex,бра odeon light formia,11.0,False
2026-07-12,yandex,бра арт деко,1.0,False
2026-07-12,yandex,бра белый,23.0,False
2026-07-12,google,бра богемия,7.0,False
2026-07-12,yandex,бра для спальни,8.0,False
2026-07-12,google,бра из ротанга,21.0,False
2026-07-12,google,бра из ткани,33.0,False
2026-07-12,yandex,бра из ткани,4.0,False
2026-07-12,google,бра интернет магазин,21.0,False
2026-07-12,yandex,бра интернет магазин,10.0,False
2026-07-12,yandex,бра кожа,4.0,False
2026-07-12,yandex,бра купить,7.0,False
2026-07-12,google,бра купить в интернет,26.0,False
2026-07-12,yandex,бра купить в интернет,8.0,False
2026-07-12,google,бра купить москва,19.0,False
2026-07-12,yandex,бра купить москва,3.0,False
2026-07-12,yandex,бра лофт белые трехпожковые,15.0,False
2026-07-12,google,бра москва,14.0,False
2026-07-12,yandex,бра москва,6.0,False
2026-07-12,yandex,бра над кроватью,19.0,False
2026-07-12,yandex,бра настенные,9.0,False
2026-07-12,yandex,бра настенный lussole,6.0,False
2026-07-12,yandex,бра настенный со светом вверх и вниз,1.0,False
2026-07-12,google,бра от производителя лайтстар,12.0,False
2026-07-12,yandex,бра от производителя лайтстар,2.0,False
2026-07-12,google,бра стекло,26.0,False
2026-07-12,yandex,бра стекло,15.0,False
2026-07-12,google,бра текстиль,13.0,False
2026-07-12,yandex,бра текстиль,4.0,False
2026-07-12,google,бра тиффани,17.0,False
2026-07-12,google,бра тканевые,9.0,False
2026-07-12,yandex,бра тканевые,2.0,False
2026-07-12,google,бра флористика,13.0,False
2026-07-12,yandex,бра флористика,32.0,False
2026-07-12,yandex,бра черное,18.0,False
2026-07-12,yandex,веланте люстры,6.0,False
2026-07-12,google,виды люстр,2.0,False
2026-07-12,google,влагозащищенный встраиваемые светильники,28.0,False
2026-07-12,yandex,влагозащищенный встраиваемые светильники,8.0,False
2026-07-12,google,встраиваемые светильники ip44,9.0,False
2026-07-12,yandex,встраиваемые точечные светильники,15.0,False
2026-07-12,google,встраиваемые трековые светильники,47.0,False
2026-07-12,yandex,встраиваемые трековые светильники,33.0,False
2026-07-12,yandex,встраиваемый led светильник,39.0,False
2026-07-12,yandex,встраиваемый круглый светильник,39.0,False
2026-07-12,yandex,встраиваемый светильник maytoni,23.0,False
2026-07-12,google,встраиваемый уличный светильник,18.0,False
2026-07-12,google,встроенная светильники gu10,6.0,False
2026-07-12,google,встроенные led светильники,42.0,False
2026-07-12,yandex,встроенные потолочные светильники светодиодные встраиваемые,35.0,False
2026-07-12,google,встроенные светильники ip44,13.0,False
2026-07-12,yandex,встроенные светильники ip44,36.0,False
2026-07-12,yandex,встроенные светодиодные светильники,46.0,False
2026-07-12,yandex,встроенные споты,4.0,False
2026-07-12,google,встроенный выключатель,3.0,False
2026-07-12,yandex,встроенный линейный светильник,21.0,False
2026-07-12,yandex,встроенный светильник,23.0,False
2026-07-12,google,встроенный светильник maytoni,23.0,False
2026-07-12,yandex,встроенный светильник диаметр,22.0,False
2026-07-12,google,встроенный светильник уличные,20.0,False
2026-07-12,yandex,встроенный светильник уличные,3.0,False
2026-07-12,yandex,встроенный точечный светильник,16.0,False
2026-07-12,google,выбор светодиодной ленты с скотчем 3м,9.0,False
2026-07-12,google,выключатель света,18.0,False
2026-07-12,google,где купить люстру,9.0,False
2026-07-12,yandex,где купить люстру,4.0,False
2026-07-12,google,герлянды,7.0,False
2026-07-12,google,гибкая трековая система,7.0,False
2026-07-12,google,гибкий трековый светильник,11.0,False
2026-07-12,yandex,гибкий трековый светильник,2.0,False
2026-07-12,google,гибкий шинопровод,16.0,False
2026-07-12,google,гипсовые бра,23.0,False
2026-07-12,yandex,гипсовые бра,32.0,False
2026-07-12,google,грунтовые светильники столбики,2.0,False
2026-07-12,yandex,грунтовые светильники столбики,6.0,False
2026-07-12,yandex,декор для арт декор,4.0,False
2026-07-12,google,декор для магазина,3.0,False
2026-07-12,yandex,декор для магазина,4.0,False
2026-07-12,google,декоративная накладка под люстру,1.0,False
2026-07-12,google,декоративные подносы,7.0,False
2026-07-12,yandex,декоративные подносы,10.0,False
2026-07-12,google,декоративные фонарные столбы,1.0,False
2026-07-12,yandex,декоративные фонарные столбы,5.0,False
2026-07-12,yandex,декоративный настольный светильник купить,4.0,False
2026-07-12,google,декоративный фонарный столб,1.0,False
2026-07-12,yandex,декоративный фонарный столб,9.0,False
2026-07-12,google,декорированный хром,22.0,False
2026-07-12,yandex,декорированный хром,1.0,False
2026-07-12,google,деревянная настольная лампа,4.0,False
2026-07-12,yandex,деревянная настольная лампа,6.0,False
2026-07-12,google,держатель для люстры,2.0,False
2026-07-12,google,держатель для светильника,2.0,False
2026-07-12,yandex,держатель для светильника,22.0,False
2026-07-12,google,держатель плафона люстры,12.0,False
2026-07-12,yandex,держатель плафона люстры,9.0,False
2026-07-12,google,детали для люстры,2.0,False
2026-07-12,yandex,детали для люстры,6.0,False
2026-07-12,yandex,дизайнерские люстры,38.0,False
2026-07-12,yandex,дизайнерскиебра купить в москве,3.0,False
2026-07-12,google,диодный светильник,34.0,False
2026-07-12,google,длинные люстры,42.0,False
2026-07-12,yandex,длинные люстры,39.0,False
2026-07-12,yandex,для ванны комнаты светильник,8.0,False
2026-07-12,google,для люстры запчасти,4.0,False
2026-07-12,yandex,для люстры запчасти,4.0,False
2026-07-12,yandex,евросвет,18.0,False
2026-07-12,yandex,желтый настольный торшер,12.0,False
2026-07-12,google,заказать люстру,5.0,False
2026-07-12,yandex,заказать люстру,8.0,False
2026-07-12,google,заказать светильники,3.0,False
2026-07-12,yandex,заказать светильники,3.0,False
2026-07-12,yandex,заказать спот,1.0,False
2026-07-12,yandex,зеленая настольная лампа,18.0,False
2026-07-12,yandex,золотая люстра,16.0,False
2026-07-12,google,золотистый фонарь уличный,9.0,False
2026-07-12,yandex,золотистый фонарь уличный,6.0,False
2026-07-12,google,изогнутые торшеры,1.0,False
2026-07-12,google,изогнутый арочный торшер,1.0,False
2026-07-12,google,изогнутый торшер,11.0,False
2026-07-12,yandex,изогнутый торшер,8.0,False
2026-07-12,google,интересные люстры,14.0,False
2026-07-12,google,интернет люстр,12.0,False
2026-07-12,yandex,интернет люстр,2.0,False
2026-07-12,google,интернет магазин купить потолочную люстру,12.0,False
2026-07-12,google,интернет магазин лампочек,3.0,False
2026-07-12,yandex,интернет магазин лампочек,10.0,False
2026-07-12,google,интернет магазин люстр,11.0,False
2026-07-12,yandex,интернет магазин люстр,1.0,False
2026-07-12,google,интернет магазин люстр и светильников,10.0,False
2026-07-12,yandex,интернет магазин люстр и светильников,1.0,False
2026-07-12,google,интернет магазин люстры,10.0,False
2026-07-12,yandex,интернет магазин люстры,1.0,False
2026-07-12,google,интернет магазин освещения,8.0,False
2026-07-12,yandex,интернет магазин освещения,6.0,False
2026-07-12,google,интернет магазин потолочных люстр в москве,1.0,False
2026-07-12,yandex,интернет магазин потолочных люстр в москве,4.0,False
2026-07-12,google,интернет магазин света,9.0,False
2026-07-12,google,интернет магазин светильников,9.0,False
2026-07-12,yandex,интернет магазин светильников,2.0,False
2026-07-12,google,интернет магазин светильников и люстр,12.0,False
2026-07-12,yandex,интернет магазин светильников и люстр,2.0,False
2026-07-12,google,интернет магазин светильников и люстр светлый,1.0,False
2026-07-12,yandex,интернет магазин светильников и люстр светлый,1.0,False
2026-07-12,google,интернет магазин светильников москва,10.0,False
2026-07-12,google,интернет магазин у светы,27.0,False
2026-07-12,yandex,интернет магазин у светы,8.0,False
2026-07-12,google,интернет-магазин света,9.0,False
2026-07-12,google,интернет-магазин светильников,7.0,False
2026-07-12,yandex,интернет-магазин светильников,1.0,False
2026-07-12,google,испанские светильники,9.0,False
2026-07-12,yandex,испанские светильники,4.0,False
2026-07-12,google,итальянские люстры reccagni angelo,13.0,False
2026-07-12,yandex,итальянские люстры reccagni angelo,8.0,False
2026-07-12,google,какие люстры,33.0,False
2026-07-12,google,какой ночник выбрать,4.0,False
2026-07-12,google,каталог люстр,3.0,False
2026-07-12,yandex,каталог люстр,2.0,False
2026-07-12,google,каталог люстр потолочные,7.0,False
2026-07-12,yandex,каталог люстр потолочные,6.0,False
2026-07-12,google,каталог светильников,17.0,False
2026-07-12,yandex,каталог светильников,9.0,False
2026-07-12,google,каталог светлый,6.0,False
2026-07-12,yandex,каталог светлый,1.0,False
2026-07-12,google,каталоги люстр,6.0,False
2026-07-12,yandex,каталоги люстр,2.0,False
2026-07-12,yandex,керамическая настольная лампа,4.0,False
2026-07-12,google,керамические настольные лампы,9.0,False
2026-07-12,google,керамический декор,12.0,False
2026-07-12,yandex,керамический декор,21.0,False
2026-07-12,google,китайские люстры в стиле прованс в москве,8.0,False
2026-07-12,yandex,китайские люстры в стиле прованс в москве,5.0,False
2026-07-12,google,китайские светильники,8.0,False
2026-07-12,yandex,китайские светильники,4.0,False
2026-07-12,google,классическая настольная лампа,2.0,False
2026-07-12,yandex,классическая настольная лампа,6.0,False
2026-07-12,google,классические люстры,24.0,False
2026-07-12,yandex,классические люстры,6.0,False
2026-07-12,google,классические настольные лампы,5.0,False
2026-07-12,yandex,классические настольные лампы,3.0,False
2026-07-12,google,кнопка дверного звонка,11.0,False
2026-07-12,google,коллекции потолочных светильников,37.0,False
2026-07-12,yandex,коллекции потолочных светильников,13.0,False
2026-07-12,google,комплект абажура,3.0,False
2026-07-12,yandex,комплект абажура,1.0,False
2026-07-12,yandex,комплект бра и подвески,6.0,False
2026-07-12,google,комплектующие для светильников,2.0,False
2026-07-12,yandex,комплектующие для светильников,7.0,False
2026-07-12,google,комплектующие к светильникам,6.0,False
2026-07-12,yandex,красивые люстры,6.0,False
2026-07-12,google,красивые люстры для гостиной,30.0,False
2026-07-12,yandex,красивые люстры для гостиной,3.0,False
2026-07-12,yandex,красная люстра,29.0,False
2026-07-12,google,кристаллюкс,5.0,False
2026-07-12,yandex,кристаллюкс,3.0,False
2026-07-12,google,круглая люстра,10.0,False
2026-07-12,yandex,круглая люстра,5.0,False
2026-07-12,google,купит люстру,4.0,False
2026-07-12,yandex,купит люстру,5.0,False
2026-07-12,yandex,купити світильники,1.0,False
2026-07-12,google,купить citilux бра,20.0,False
2026-07-12,yandex,купить citilux бра,3.0,False
2026-07-12,google,купить rgb ленту,4.0,False
2026-07-12,google,купить абажур,4.0,False
2026-07-12,yandex,купить абажур,3.0,False
2026-07-12,google,купить абажур для настольной лампы,10.0,False
2026-07-12,yandex,купить абажур для настольной лампы,5.0,False
2026-07-12,google,купить абажур на лампу,4.0,False
2026-07-12,google,купить абажур на люстру,1.0,False
2026-07-12,yandex,купить абажур на люстру,4.0,False
2026-07-12,yandex,купить бра,7.0,False
2026-07-12,yandex,купить бра на стену,9.0,False
2026-07-12,google,купить в москве люстру,9.0,False
2026-07-12,yandex,купить в москве люстру,3.0,False
2026-07-12,google,купить выключатель света,10.0,False
2026-07-12,yandex,купить выключатель света,17.0,False
2026-07-12,google,купить диодную лампу,23.0,False
2026-07-12,google,купить запчасти для люстры,2.0,False
2026-07-12,yandex,купить запчасти для люстры,9.0,False
2026-07-12,yandex,купить качественную люстру,2.0,False
2026-07-12,google,купить керамическую настольную лампу,6.0,False
2026-07-12,yandex,купить керамическую настольную лампу,6.0,False
2026-07-12,google,купить классическую люстру в гостиную,31.0,False
2026-07-12,yandex,купить классическую люстру в гостиную,7.0,False
2026-07-12,google,купить классическую настольную лампу,6.0,False
2026-07-12,yandex,купить классическую настольную лампу,2.0,False
2026-07-12,google,купить кнопку дверного звонка,6.0,False
2026-07-12,google,купить красивую люстру,8.0,False
2026-07-12,yandex,купить красивую люстру,9.0,False
2026-07-12,google,купить люстра,4.0,False
2026-07-12,yandex,купить люстра,6.0,False
2026-07-12,google,купить люстру,2.0,False
2026-07-12,yandex,купить люстру,1.0,False
2026-07-12,google,купить люстру в гостиную,15.0,False
2026-07-12,google,купить люстру в зал,21.0,False
2026-07-12,google,купить люстру в интернет магазине,7.0,False
2026-07-12,yandex,купить люстру в интернет магазине,2.0,False
2026-07-12,google,купить люстру в интернет магазине недорого,6.0,False
2026-07-12,yandex,купить люстру в интернет магазине недорого,2.0,False
2026-07-12,google,купить люстру в комнату,5.0,False
2026-07-12,yandex,купить люстру в комнату,7.0,False
2026-07-12,google,купить люстру в москве,7.0,False
2026-07-12,google,купить люстру в москве в магазине,3.0,False
2026-07-12,yandex,купить люстру в москве в магазине,4.0,False
2026-07-12,google,купить люстру в москве интернет магазин,4.0,False
2026-07-12,google,купить люстру в москве недорого,6.0,False
2026-07-12,google,купить люстру в прихожую,16.0,False
2026-07-12,google,купить люстру в спальню,17.0,False
2026-07-12,yandex,купить люстру в спальню,10.0,False
2026-07-12,google,купить люстру в спальню в москве,6.0,False
2026-07-12,yandex,купить люстру в спальню в москве,2.0,False
2026-07-12,google,купить люстру в стиле прованс в москве,16.0,False
2026-07-12,yandex,купить люстру в стиле прованс в москве,5.0,False
2026-07-12,google,купить люстру для кухни в москве,21.0,False
2026-07-12,google,купить люстру для прихожей для большого крючка,30.0,False
2026-07-12,google,купить люстру для спальни,24.0,False
2026-07-12,yandex,купить люстру для спальни,5.0,False
2026-07-12,google,купить люстру из цветного стекла,8.0,False
2026-07-12,yandex,купить люстру классика цвет слоновой кости 8 плафонов,10.0,False
2026-07-12,google,купить люстру лампу,9.0,False
2026-07-12,yandex,купить люстру лампу,7.0,False
2026-07-12,google,купить люстру магазин,5.0,False
2026-07-12,google,купить люстру москва,12.0,False
2026-07-12,google,купить люстру на крючке,7.0,False
2026-07-12,yandex,купить люстру на крючке,2.0,False
2026-07-12,yandex,купить люстру на кухню,14.0,False
2026-07-12,yandex,купить люстру недорого,1.0,False
2026-07-12,google,купить люстру онлайн,9.0,False
2026-07-12,google,купить люстру подвесную,16.0,False
2026-07-12,google,купить люстру потолочную,12.0,False
2026-07-12,yandex,купить люстру потолочную,6.0,False
2026-07-12,google,купить люстру потолочную в москве,4.0,False
2026-07-12,yandex,купить люстру потолочную в москве,3.0,False
2026-07-12,google,купить люстру потолочную в москве недорого,8.0,False
2026-07-12,google,купить люстру с установкой,2.0,False
2026-07-12,yandex,купить люстру с установкой,1.0,False
2026-07-12,google,купить люстру стекло,3.0,False
2026-07-12,yandex,купить люстру стекло,2.0,False
2026-07-12,google,купить люстру таблетку,3.0,False
2026-07-12,yandex,купить люстру таблетку,1.0,False
2026-07-12,google,купить люстры,4.0,False
2026-07-12,google,купить люстры в москве,9.0,False
2026-07-12,yandex,купить настенную люстру в москве,14.0,False
2026-07-12,yandex,купить настольную лампу,12.0,False
2026-07-12,google,купить настольную лампу в стиле ретро,13.0,False
2026-07-12,yandex,купить настольную лампу в стиле ретро,7.0,False
2026-07-12,google,купить настольную лампу классика,5.0,False
2026-07-12,yandex,купить настольную лампу классика,4.0,False
2026-07-12,google,купить настольную лампу на прищепке,3.0,False
2026-07-12,yandex,купить настольные лампы citilux,8.0,False
2026-07-12,google,купить оригинальную люстру,17.0,False
2026-07-12,yandex,купить оригинальную люстру,11.0,False
2026-07-12,yandex,купить освещение,1.0,False
2026-07-12,google,купить плафон,7.0,False
2026-07-12,yandex,купить плафон,8.0,False
2026-07-12,google,купить плафон на люстру,11.0,False
2026-07-12,yandex,купить плафон на люстру,16.0,False
2026-07-12,google,купить плафоны,5.0,False
2026-07-12,yandex,купить плафоны,9.0,False
2026-07-12,google,купить плафоны для люстр,6.0,False
2026-07-12,yandex,купить плафоны для люстр,7.0,False
2026-07-12,google,купить плафоны для люстры,9.0,False
2026-07-12,yandex,купить плафоны для люстры,11.0,False
2026-07-12,google,купить плафоны для люстры отдельно,8.0,False
2026-07-12,yandex,купить плафоны для люстры отдельно,7.0,False
2026-07-12,google,купить подвес для светильника,8.0,False
2026-07-12,yandex,купить подвес для светильника,24.0,False
2026-07-12,google,купить подвесную люстру в гостиную,16.0,False
2026-07-12,yandex,купить подвесную люстру в гостиную,5.0,False
2026-07-12,google,купить подвесную люстру в москве,16.0,False
2026-07-12,yandex,купить подвесную люстру в москве,13.0,False
2026-07-12,google,купить потолочную люстру,18.0,False
2026-07-12,yandex,купить потолочную люстру,3.0,False
2026-07-12,google,купить потолочную люстру в москве,3.0,False
2026-07-12,google,купить потолочные люстры,15.0,False
2026-07-12,yandex,купить потолочные люстры,5.0,False
2026-07-12,google,купить потолочный люстра,20.0,False
2026-07-12,yandex,купить потолочный люстра,6.0,False
2026-07-12,yandex,купить потолочный светильник с лампами,7.0,False
2026-07-12,google,купить проходной выключатель,10.0,False
2026-07-12,yandex,купить проходной выключатель,29.0,False
2026-07-12,google,купить садовые светильники,4.0,False
2026-07-12,google,купить свет,12.0,False
2026-07-12,yandex,купить свет,3.0,False
2026-07-12,google,купить светильник,7.0,False
2026-07-12,yandex,купить светильник,4.0,False
2026-07-12,google,купить светильник в москве,9.0,False
2026-07-12,yandex,купить светильник в москве,4.0,False
2026-07-12,google,купить светильник светодиодный потолочный,27.0,False
2026-07-12,yandex,купить светильник светодиодный потолочный,14.0,False
2026-07-12,yandex,купить светильники,1.0,False
2026-07-12,google,купить светильники в москве,7.0,False
2026-07-12,yandex,купить светильники в москве,2.0,False
2026-07-12,google,купить светодиодную лампу,35.0,False
2026-07-12,google,купить светодиодную люстру,39.0,False
2026-07-12,yandex,купить светодиодную люстру,12.0,False
2026-07-12,google,купить современную люстру,22.0,False
2026-07-12,yandex,купить современную люстру,4.0,False
2026-07-12,google,купить столб освещения,41.0,False
2026-07-12,yandex,купить торшер напольный,8.0,False
2026-07-12,yandex,купить торшер с доставкой,3.0,False
2026-07-12,google,купить торшер флористика в москве,13.0,False
2026-07-12,yandex,купить торшер флористика в москве,2.0,False
2026-07-12,google,купить торшер хрустальный напольный можно купить торшер,28.0,False
2026-07-12,yandex,купить торшер хрустальный напольный можно купить торшер,2.0,False
2026-07-12,yandex,купить точечные светильники,6.0,False
2026-07-12,yandex,купить точечные светильники потолочные,7.0,False
2026-07-12,google,купить уличные настенные светильники,23.0,False
2026-07-12,yandex,купить уличные настенные светильники,6.0,False
2026-07-12,google,купить уличный потолочный светильник на открытую террасу,1.0,False
2026-07-12,yandex,купить уличный потолочный светильник на открытую террасу,3.0,False
2026-07-12,google,купить уличный фонарный столб,8.0,False
2026-07-12,yandex,купить уличный фонарный столб,3.0,False
2026-07-12,google,купить уличный фонарь на столб,20.0,False
2026-07-12,google,купить фонарный столб,2.0,False
2026-07-12,yandex,купить фонарный столб,4.0,False
2026-07-12,google,купить фонарь на столб,7.0,False
2026-07-12,yandex,купить фонарь на столб,41.0,False
2026-07-12,yandex,купить хрустальный торшер германия,8.0,False
2026-07-12,google,куплю люстре в стиле кантри,19.0,False
2026-07-12,yandex,куплю люстре в стиле кантри,7.0,False
2026-07-12,google,куплю люстру,3.0,False
2026-07-12,google,кутек,13.0,False
2026-07-12,yandex,кутек,19.0,False
2026-07-12,google,кутек люстры,7.0,False
2026-07-12,yandex,кутек люстры,10.0,False
2026-07-12,google,лампа,34.0,False
2026-07-12,google,лампа 12 вольт,8.0,False
2026-07-12,yandex,лампа бра,7.0,False
2026-07-12,google,лампа для балкона,2.0,False
2026-07-12,yandex,лампа для балкона,2.0,False
2026-07-12,yandex,лампа для кухни,6.0,False
2026-07-12,google,лампа для террасы,1.0,False
2026-07-12,yandex,лампа для террасы,7.0,False
2026-07-12,google,лампа е 27,5.0,False
2026-07-12,google,лампа купить,1.0,False
2026-07-12,yandex,лампа купить,16.0,False
2026-07-12,google,лампа на прищепке,8.0,False
2026-07-12,yandex,лампа на прищепке,6.0,False
2026-07-12,google,лампа на прищепке купить,7.0,False
2026-07-12,yandex,лампа настольная белая,18.0,False
2026-07-12,google,лампа настольная деревянная,2.0,False
2026-07-12,yandex,лампа настольная деревянная,19.0,False
2026-07-12,google,лампа настольная классика,7.0,False
2026-07-12,yandex,лампа настольная классика,3.0,False
2026-07-12,google,лампа настольная классическая,8.0,False
2026-07-12,google,лампа настольная на прищепке,5.0,False
2026-07-12,google,лампа настольная с креплением к столу,9.0,False
2026-07-12,yandex,лампа настольная с креплением к столу,12.0,False
2026-07-12,yandex,лампа настольная светодиодная,13.0,False
2026-07-12,google,лампа спот,29.0,False
2026-07-12,yandex,лампа спот,2.0,False
2026-07-12,yandex,лампа торшер купить,10.0,False
2026-07-12,yandex,ламповый держатель колибри для струнных систем,2.0,False
2026-07-12,google,лампу купить,1.0,False
2026-07-12,yandex,лампу купить,17.0,False
2026-07-12,google,лампы,5.0,False
2026-07-12,google,лампы led,38.0,False
2026-07-12,yandex,лампы led,24.0,False
2026-07-12,google,лампы арт деко,10.0,False
2026-07-12,yandex,лампы арт деко,6.0,False
2026-07-12,google,лампы для струнного светильника,13.0,False
2026-07-12,yandex,лампы для струнного светильника,2.0,False
2026-07-12,google,лампы купить,1.0,False
2026-07-12,yandex,лампы купить,10.0,False
2026-07-12,google,лампы на балкон,2.0,False
2026-07-12,yandex,лампы на потолок,9.0,False
2026-07-12,google,лампы освещения,8.0,False
2026-07-12,google,лампы теплого света,2.0,False
2026-07-12,google,лампы теплый свет,2.0,False
2026-07-12,google,ландшафтные светильники,16.0,False
2026-07-12,google,ландшафтные светильники столбики,2.0,False
2026-07-12,google,ландшафтные столбики шары,3.0,False
2026-07-12,google,ландшафтные столбы,1.0,False
2026-07-12,yandex,ландшафтные столбы,3.0,False
2026-07-12,google,ландшафтный светильник столбик,5.0,False
2026-07-12,yandex,ландшафтный светильник столбик,4.0,False
2026-07-12,google,лента arlight,17.0,False
2026-07-12,yandex,лента arlight 24v,30.0,False
2026-07-12,google,лента rgb,12.0,False
2026-07-12,google,лента ргб,4.0,False
2026-07-12,google,лет люстра,12.0,False
2026-07-12,yandex,лет люстра,16.0,False
2026-07-12,yandex,лифт подъемник для люстры,12.0,False
2026-07-12,yandex,лофт ит,25.0,False
2026-07-12,yandex,люссоль,14.0,False
2026-07-12,google,люстра,5.0,False
2026-07-12,yandex,люстра,8.0,False
2026-07-12,google,люстра 8 лампочек в москве,5.0,False
2026-07-12,google,люстра 8 светильников,7.0,False
2026-07-12,google,люстра arte lamp,25.0,False
2026-07-12,yandex,люстра arte lamp,18.0,False
2026-07-12,google,люстра citilux,27.0,False
2026-07-12,yandex,люстра citilux,5.0,False
2026-07-12,google,люстра e14,12.0,False
2026-07-12,yandex,люстра e14,10.0,False
2026-07-12,google,люстра e27,14.0,False
2026-07-12,yandex,люстра e27,3.0,False
2026-07-12,google,люстра escada,16.0,False
2026-07-12,yandex,люстра escada,14.0,False
2026-07-12,google,люстра eurosvet,17.0,False
2026-07-12,yandex,люстра eurosvet,5.0,False
2026-07-12,google,люстра freya,12.0,False
2026-07-12,yandex,люстра freya,17.0,False
2026-07-12,google,люстра imex,1.0,False
2026-07-12,yandex,люстра imex,13.0,False
2026-07-12,google,люстра led,45.0,False
2026-07-12,yandex,люстра led,15.0,False
2026-07-12,google,люстра mantra,8.0,False
2026-07-12,yandex,люстра mantra,17.0,False
2026-07-12,google,люстра maytoni,29.0,False
2026-07-12,google,люстра mw light,8.0,False
2026-07-12,yandex,люстра mw light,9.0,False
2026-07-12,google,люстра odeon,15.0,False
2026-07-12,google,люстра odeon light,17.0,False
2026-07-12,yandex,люстра odeon light,14.0,False
2026-07-12,google,люстра omnilux,11.0,False
2026-07-12,google,люстра velante,11.0,False
2026-07-12,yandex,люстра velante,9.0,False
2026-07-12,google,люстра абажур,25.0,False
2026-07-12,yandex,люстра абажур,11.0,False
2026-07-12,google,люстра арт деко,6.0,False
2026-07-12,yandex,люстра арт деко,2.0,False
2026-07-12,google,люстра белая,32.0,False
2026-07-12,google,люстра большая светлая,40.0,False
2026-07-12,yandex,люстра большая светлая,1.0,False
2026-07-12,yandex,люстра бра,2.0,False
2026-07-12,yandex,люстра бу,19.0,False
2026-07-12,google,люстра в ванную,18.0,False
2026-07-12,yandex,люстра в ванную,6.0,False
2026-07-12,google,люстра в восточном стиле,9.0,False
2026-07-12,google,люстра в восточном стиле купить,8.0,False
2026-07-12,google,люстра в гостиную,20.0,False
2026-07-12,google,люстра в гостиную в москве,8.0,False
2026-07-12,yandex,люстра в гостиную в москве,3.0,False
2026-07-12,yandex,люстра в гостиную в современном стиле купить,1.0,False
2026-07-12,google,люстра в гостиную купить,15.0,False
2026-07-12,yandex,люстра в детскую,6.0,False
2026-07-12,yandex,люстра в зал,13.0,False
2026-07-12,google,люстра в кабинет,12.0,False
2026-07-12,yandex,люстра в кабинет,2.0,False
2026-07-12,yandex,люстра в квартиру,13.0,False
2026-07-12,google,люстра в комнату,8.0,False
2026-07-12,google,люстра в комнату купить,6.0,False
2026-07-12,yandex,люстра в коридор,3.0,False
2026-07-12,google,люстра в москве купить,11.0,False
2026-07-12,yandex,люстра в москве купить,5.0,False
2026-07-12,yandex,люстра в мужскую спальню,3.0,False
2026-07-12,google,люстра в офисах,36.0,False
2026-07-12,google,люстра в прихожую,16.0,False
2026-07-12,yandex,люстра в прихожую,4.0,False
2026-07-12,yandex,люстра в современном стиле,6.0,False
2026-07-12,google,люстра в спальню,37.0,False
2026-07-12,yandex,люстра в спальню,5.0,False
2026-07-12,google,люстра в спальню купить,14.0,False
2026-07-12,google,люстра в спальню потолочная,43.0,False
2026-07-12,google,люстра в стиле арт деко купить,11.0,False
2026-07-12,yandex,люстра в стиле арт деко купить,1.0,False
2026-07-12,google,люстра в стиле кантри,23.0,False
2026-07-12,yandex,люстра в стиле кантри,11.0,False
2026-07-12,google,люстра в стиле прованс,26.0,False
2026-07-12,google,люстра вентилятор,29.0,False
2026-07-12,yandex,люстра вентилятор потолочный,4.0,False
2026-07-12,yandex,люстра вт,29.0,False
2026-07-12,yandex,люстра высокая,40.0,False
2026-07-12,yandex,люстра двойная,18.0,False
2026-07-12,google,люстра для гостиной,20.0,False
2026-07-12,yandex,люстра для гостиной,2.0,False
2026-07-12,google,люстра для дачи,3.0,False
2026-07-12,yandex,люстра для дачи,4.0,False
2026-07-12,google,люстра для комнаты,9.0,False
2026-07-12,yandex,люстра для кухни,9.0,False
2026-07-12,yandex,люстра для кухни кантри,7.0,False
2026-07-12,google,люстра для прихожей высокой,15.0,False
2026-07-12,yandex,люстра для прихожей высокой,3.0,False
2026-07-12,google,люстра для спальни,30.0,False
2026-07-12,google,люстра для спальни купить,19.0,False
2026-07-12,yandex,люстра для спальни купить,6.0,False
2026-07-12,yandex,люстра для спальной,6.0,False
2026-07-12,google,люстра е14,6.0,False
2026-07-12,google,люстра е27,15.0,False
2026-07-12,yandex,люстра е27,4.0,False
2026-07-12,google,люстра жаклин,14.0,False
2026-07-12,google,люстра золото,37.0,False
2026-07-12,yandex,люстра золото,20.0,False
2026-07-12,yandex,люстра из дерева,5.0,False
2026-07-12,google,люстра из ротанга,15.0,False
2026-07-12,yandex,люстра из ротанга,5.0,False
2026-07-12,google,люстра из ротанга купить,10.0,False
2026-07-12,yandex,люстра из ротанга купить,9.0,False
2026-07-12,google,люстра из цветного стекла,10.0,False
2026-07-12,yandex,люстра из цветного стекла,1.0,False
2026-07-12,google,люстра из цветного стекла купить,8.0,False
2026-07-12,google,люстра интернет магазин,7.0,False
2026-07-12,yandex,люстра интернет магазин,4.0,False
2026-07-12,yandex,люстра италия,3.0,False
2026-07-12,yandex,люстра кантри прованс штукатурка,8.0,False
2026-07-12,yandex,люстра каскадная,14.0,False
2026-07-12,google,люстра классик,25.0,False
2026-07-12,yandex,люстра классик,1.0,False
2026-07-12,google,люстра классик в москве,11.0,False
2026-07-12,yandex,люстра классик в москве,3.0,False
2026-07-12,google,люстра классика,22.0,False
2026-07-12,yandex,люстра классика,5.0,False
2026-07-12,google,люстра кокон,3.0,False
2026-07-12,yandex,люстра кольца,26.0,False
2026-07-12,google,люстра коричневая,8.0,False
2026-07-12,yandex,люстра коричневая,8.0,False
2026-07-12,google,люстра крепление на крюк,5.0,False
2026-07-12,yandex,люстра крепление на крюк,3.0,False
2026-07-12,google,люстра круглая потолочная,9.0,False
2026-07-12,yandex,люстра круглая потолочная,7.0,False
2026-07-12,google,люстра купить,4.0,False
2026-07-12,google,люстра купить в москве,7.0,False
2026-07-12,google,люстра купить интернет магазин,9.0,False
2026-07-12,yandex,люстра купить интернет магазин,6.0,False
2026-07-12,google,люстра купить москва,7.0,False
2026-07-12,yandex,люстра купить москва,2.0,False
2026-07-12,yandex,люстра латунь,14.0,False
2026-07-12,yandex,люстра лофт,10.0,False
2026-07-12,google,люстра магазин,6.0,False
2026-07-12,yandex,люстра магазин,1.0,False
2026-07-12,google,люстра металлическая,35.0,False
2026-07-12,yandex,люстра металлическая,2.0,False
2026-07-12,google,люстра москва,10.0,False
2026-07-12,yandex,люстра москва,4.0,False
2026-07-12,yandex,люстра на 15 лампочек,2.0,False
2026-07-12,google,люстра на балкон,2.0,False
2026-07-12,yandex,люстра на балкон,2.0,False
2026-07-12,google,люстра на веранду,11.0,False
2026-07-12,yandex,люстра на веранду,10.0,False
2026-07-12,google,люстра на дачу,7.0,False
2026-07-12,yandex,люстра на дачу,2.0,False
2026-07-12,google,люстра на дом,11.0,False
2026-07-12,yandex,люстра на дом,24.0,False
2026-07-12,google,люстра на крюк,3.0,False
2026-07-12,yandex,люстра на крюк,2.0,False
2026-07-12,google,люстра на крюке,5.0,False
2026-07-12,yandex,люстра на крюке,1.0,False
2026-07-12,google,люстра на крюке купить,2.0,False
2026-07-12,yandex,люстра на крюке купить,2.0,False
2026-07-12,google,люстра на крючке,9.0,False
2026-07-12,yandex,люстра на кухню,4.0,False
2026-07-12,google,люстра на потолок,31.0,False
2026-07-12,google,люстра на террасу,7.0,False
2026-07-12,google,люстра недорого купить,9.0,False
2026-07-12,yandex,люстра недорого купить,1.0,False
2026-07-12,google,люстра нежность,1.0,False
2026-07-12,yandex,люстра нежность,1.0,False
2026-07-12,google,люстра низкая,42.0,False
2026-07-12,yandex,люстра низкая,8.0,False
2026-07-12,google,люстра отзывы,10.0,False
2026-07-12,yandex,люстра отзывы,10.0,False
2026-07-12,google,люстра парус,4.0,False
2026-07-12,yandex,люстра парус,8.0,False
2026-07-12,google,люстра паук,28.0,False
2026-07-12,yandex,люстра паук,27.0,False
2026-07-12,google,люстра плоская потолочная,8.0,False
2026-07-12,yandex,люстра плоская потолочная,7.0,False
2026-07-12,google,люстра под крюк,8.0,False
2026-07-12,yandex,люстра под крюк,4.0,False
2026-07-12,google,люстра под потолок,21.0,False
2026-07-12,yandex,люстра под потолок,8.0,False
2026-07-12,google,люстра подвесная,19.0,False
2026-07-12,yandex,люстра подвесная,5.0,False
2026-07-12,yandex,люстра подвесная ww light,2.0,False
2026-07-12,google,люстра подвесная купить,9.0,False
2026-07-12,yandex,люстра подвесная купить,20.0,False
2026-07-12,google,люстра подвесная на крюк,3.0,False
2026-07-12,yandex,люстра подвесная на крюк,2.0,False
2026-07-12,yandex,люстра подвесная светодиодная,41.0,False
2026-07-12,google,люстра потолочная,7.0,False
2026-07-12,google,люстра потолочная в гостиную,25.0,False
2026-07-12,yandex,люстра потолочная в гостиную,1.0,False
2026-07-12,yandex,люстра потолочная дизайнерская,23.0,False
2026-07-12,google,люстра потолочная классическая,17.0,False
2026-07-12,yandex,люстра потолочная классическая,5.0,False
2026-07-12,google,люстра потолочная крепление на крюк,7.0,False
2026-07-12,google,люстра потолочная купить,8.0,False
2026-07-12,google,люстра потолочная купить в интернет магазине,12.0,False
2026-07-12,yandex,люстра потолочная купить в интернет магазине,3.0,False
2026-07-12,google,люстра потолочная купить в москве,5.0,False
2026-07-12,google,люстра потолочная купить москве,8.0,False
2026-07-12,google,люстра потолочная магазины москвы,9.0,False
2026-07-12,yandex,люстра потолочная магазины москвы,4.0,False
2026-07-12,google,люстра потолочная москве,12.0,False
2026-07-12,yandex,люстра потолочная москве,4.0,False
2026-07-12,google,люстра потолочная на дачу,4.0,False
2026-07-12,google,люстра потолочная на крюк,4.0,False
2026-07-12,yandex,люстра потолочная на крюк,2.0,False
2026-07-12,google,люстра потолочная на крюк купить в москве,3.0,False
2026-07-12,yandex,люстра потолочная на крюк купить в москве,2.0,False
2026-07-12,google,люстра потолочная на крюке,7.0,False
2026-07-12,yandex,люстра потолочная на крюке,2.0,False
2026-07-12,google,люстра потолочная плоская,13.0,False
2026-07-12,yandex,люстра потолочная подвесная,7.0,False
2026-07-12,google,люстра потолочная стекло,1.0,False
2026-07-12,yandex,люстра потолочная стекло,7.0,False
2026-07-12,google,люстра потолочная фарфор,19.0,False
2026-07-12,yandex,люстра потолочная фарфор,2.0,False
2026-07-12,google,люстра потолочная флористика,9.0,False
2026-07-12,yandex,люстра потолочная флористика,12.0,False
2026-07-12,google,люстра прованс,25.0,False
2026-07-12,yandex,люстра прованс,5.0,False
2026-07-12,google,люстра прямоугольная потолочная,10.0,False
2026-07-12,yandex,люстра прямоугольная потолочная,9.0,False
2026-07-12,google,люстра распродажа,1.0,False
2026-07-12,yandex,люстра распродажа,1.0,False
2026-07-12,google,люстра с абажуром из ткани,14.0,False
2026-07-12,yandex,люстра с абажуром из ткани,3.0,False
2026-07-12,google,люстра с вентилятором,29.0,False
2026-07-12,yandex,люстра с вентилятором,21.0,False
2026-07-12,google,люстра с креплением на крюк,8.0,False
2026-07-12,yandex,люстра с креплением на крюк,4.0,False
2026-07-12,google,люстра с креплением на крюк купить,6.0,False
2026-07-12,yandex,люстра с креплением на крюк купить,1.0,False
2026-07-12,google,люстра с потолочным креплением,3.0,False
2026-07-12,yandex,люстра с потолочным креплением,5.0,False
2026-07-12,google,люстра с тканевым плафоном,14.0,False
2026-07-12,yandex,люстра с тканевым плафоном,5.0,False
2026-07-12,yandex,люстра с цветами цвет,19.0,False
2026-07-12,yandex,люстра самолет,18.0,False
2026-07-12,google,люстра светильник потолочный,17.0,False
2026-07-12,yandex,люстра светодиодная потолочная купить,14.0,False
2026-07-12,yandex,люстра свечи,4.0,False
2026-07-12,google,люстра современная купить,17.0,False
2026-07-12,yandex,люстра современная купить,4.0,False
2026-07-12,google,люстра стекло,7.0,False
2026-07-12,google,люстра стекло официальный сайт,3.0,False
2026-07-12,yandex,люстра стекло официальный сайт,1.0,False
2026-07-12,google,люстра стеклянная,9.0,False
2026-07-12,google,люстра таблетка,5.0,False
2026-07-12,yandex,люстра таблетка,1.0,False
2026-07-12,google,люстра таблетка потолочная купить,7.0,False
2026-07-12,google,люстра тиффани,11.0,False
2026-07-12,yandex,люстра тиффани,22.0,False
2026-07-12,google,люстра тиффани купить,5.0,False
2026-07-12,yandex,люстра тиффани купить,18.0,False
2026-07-12,google,люстра управление,39.0,False
2026-07-12,yandex,люстра управление,27.0,False
2026-07-12,google,люстра фонарь,22.0,False
2026-07-12,google,люстра хром,43.0,False
2026-07-12,yandex,люстра хром,29.0,False
2026-07-12,google,люстра хрусталь в москве,35.0,False
2026-07-12,yandex,люстра хрустальная потолочная,10.0,False
2026-07-12,google,люстра цвет,44.0,False
2026-07-12,yandex,люстра цвет,11.0,False
2026-07-12,google,люстра цветное стекло,10.0,False
2026-07-12,yandex,люстра цветок,21.0,False
2026-07-12,google,люстра цена,5.0,False
2026-07-12,google,люстра шар,23.0,False
2026-07-12,yandex,люстра шар,9.0,False
2026-07-12,google,люстре,6.0,False
2026-07-12,yandex,люстре,8.0,False
2026-07-12,google,люстру,9.0,False
2026-07-12,yandex,люстру,9.0,False
2026-07-12,google,люстру купить,4.0,False
2026-07-12,yandex,люстру купить,4.0,False
2026-07-12,google,люстру купить в москве,9.0,False
2026-07-12,yandex,люстру купить в москве,3.0,False
2026-07-12,google,люстру купить в москве потолочную,9.0,False
2026-07-12,yandex,люстру купить в москве потолочную,4.0,False
2026-07-12,google,люстру купить москва,10.0,False
2026-07-12,google,люстру потолочную купить,18.0,False
2026-07-12,yandex,люстру потолочную купить,6.0,False
2026-07-12,google,люстру потолочную купить в москве,8.0,False
2026-07-12,yandex,люстру потолочную купить в москве,2.0,False
2026-07-12,google,люстру фото цена,22.0,False
2026-07-12,yandex,люстру фото цена,3.0,False
2026-07-12,yandex,люстры,9.0,False
2026-07-12,google,люстры 12 месяцев,17.0,False
2026-07-12,yandex,люстры 12 месяцев,4.0,False
2026-07-12,google,люстры 6 лампочек в москве,28.0,False
2026-07-12,yandex,люстры 6 лампочек в москве,2.0,False
2026-07-12,google,люстры eglo,14.0,False
2026-07-12,yandex,люстры eglo,32.0,False
2026-07-12,google,люстры freya каталог,10.0,False
2026-07-12,yandex,люстры freya каталог,21.0,False
2026-07-12,google,люстры адрес,1.0,False
2026-07-12,yandex,люстры адрес,31.0,False
2026-07-12,google,люстры арт деко,11.0,False
2026-07-12,google,люстры в восточном стиле купить,11.0,False
2026-07-12,yandex,люстры в восточном стиле купить,4.0,False
2026-07-12,google,люстры в деревенском стиле,4.0,False
2026-07-12,google,люстры в дом,6.0,False
2026-07-12,google,люстры в интернет магазине,8.0,False
2026-07-12,google,люстры в квартиру,8.0,False
2026-07-12,yandex,люстры в квартиру,3.0,False
2026-07-12,google,люстры в комнату,7.0,False
2026-07-12,yandex,люстры в комнату,3.0,False
2026-07-12,google,люстры в москве,9.0,False
2026-07-12,yandex,люстры в москве,2.0,False
2026-07-12,google,люстры в москве и области,6.0,False
2026-07-12,google,люстры в москве купить,10.0,False
2026-07-12,yandex,люстры в современном интерьере,6.0,False
2026-07-12,google,люстры в спальню 2026,35.0,False
2026-07-12,yandex,люстры в спальню 2026,5.0,False
2026-07-12,google,люстры в спальню купить,14.0,False
2026-07-12,google,люстры в стиле арт деко,15.0,False
2026-07-12,yandex,люстры в стиле арт деко,1.0,False
2026-07-12,google,люстры в стиле прованс для гостиной официальный сайт,40.0,False
2026-07-12,yandex,люстры в стиле прованс для гостиной официальный сайт,16.0,False
2026-07-12,google,люстры в стиле тиффани,5.0,False
2026-07-12,yandex,люстры в стиле тиффани,16.0,False
2026-07-12,yandex,люстры дешево,1.0,False
2026-07-12,google,люстры для дачи,3.0,False
2026-07-12,yandex,люстры для дачи,3.0,False
2026-07-12,google,люстры для дома,4.0,False
2026-07-12,google,люстры для квартиры,1.0,False
2026-07-12,yandex,люстры для квартиры,8.0,False
2026-07-12,yandex,люстры для классического интерьера,6.0,False
2026-07-12,google,люстры для комнаты,9.0,False
2026-07-12,google,люстры для кухни 2026,2.0,False
2026-07-12,yandex,люстры для кухни 2026,14.0,False
2026-07-12,yandex,люстры для потолочных потолков,5.0,False
2026-07-12,google,люстры для спальни,43.0,False
2026-07-12,yandex,люстры для спальни,5.0,False
2026-07-12,google,люстры и потолочные светильники купить,16.0,False
2026-07-12,yandex,люстры и потолочные светильники купить,8.0,False
2026-07-12,google,люстры и светильники,18.0,False
2026-07-12,google,люстры и светильники купить,8.0,False
2026-07-12,yandex,люстры и светильники купить,2.0,False
2026-07-12,google,люстры и светильники купить в москве,4.0,False
2026-07-12,yandex,люстры и светильники купить в москве,5.0,False
2026-07-12,google,люстры из цветного стекла,8.0,False
2026-07-12,google,люстры интернет магазин,8.0,False
2026-07-12,yandex,люстры интернет магазин,2.0,False
2026-07-12,google,люстры интернет магазин недорого,19.0,False
2026-07-12,yandex,люстры интернет магазин недорого,4.0,False
2026-07-12,google,люстры италия распродажа,9.0,False
2026-07-12,yandex,люстры италия распродажа,27.0,False
2026-07-12,google,люстры каталог,9.0,False
2026-07-12,yandex,люстры каталог,1.0,False
2026-07-12,google,люстры каталог фото,11.0,False
2026-07-12,yandex,люстры каталог фото,2.0,False
2026-07-12,google,люстры комплект,10.0,False
2026-07-12,yandex,люстры комплект,15.0,False
2026-07-12,google,люстры купить,10.0,False
2026-07-12,yandex,люстры купить,2.0,False
2026-07-12,google,люстры купить в москве,4.0,False
2026-07-12,google,люстры купить в москве интернет,3.0,False
2026-07-12,yandex,люстры купить в москве интернет,2.0,False
2026-07-12,google,люстры купить интернет магазин,8.0,False
2026-07-12,yandex,люстры купить интернет магазин,2.0,False
2026-07-12,google,люстры купить москва,13.0,False
2026-07-12,yandex,люстры купить москва,1.0,False
2026-07-12,google,люстры купить онлайн,8.0,False
2026-07-12,yandex,люстры купить онлайн,2.0,False
2026-07-12,google,люстры лампы потолочные,17.0,False
2026-07-12,yandex,люстры лампы потолочные,3.0,False
2026-07-12,google,люстры люкс,18.0,False
2026-07-12,yandex,люстры люкс,6.0,False
2026-07-12,google,люстры магазин,3.0,False
2026-07-12,yandex,люстры магазин,3.0,False
2026-07-12,yandex,люстры модерн,9.0,False
2026-07-12,google,люстры москва купить,7.0,False
2026-07-12,yandex,люстры москва купить,6.0,False
2026-07-12,google,люстры на крюк,1.0,False
2026-07-12,yandex,люстры на крюк,2.0,False
2026-07-12,google,люстры на крюке,4.0,False
2026-07-12,yandex,люстры на крюке,3.0,False
2026-07-12,google,люстры на крючке,4.0,False
2026-07-12,google,люстры на крючке купить,3.0,False
2026-07-12,yandex,люстры на крючке купить,3.0,False
2026-07-12,google,люстры на кухню 2026,5.0,False
2026-07-12,yandex,люстры на кухню 2026,11.0,False
2026-07-12,google,люстры официальный,13.0,False
2026-07-12,yandex,люстры официальный,8.0,False
2026-07-12,google,люстры официальный сайт,19.0,False
2026-07-12,yandex,люстры официальный сайт,4.0,False
2026-07-12,google,люстры официальный сайт каталог,8.0,False
2026-07-12,yandex,люстры официальный сайт каталог,7.0,False
2026-07-12,google,люстры пластмассовые,9.0,False
2026-07-12,yandex,люстры пластмассовые,1.0,False
2026-07-12,google,люстры подвесные,16.0,False
2026-07-12,yandex,люстры подвесные,8.0,False
2026-07-12,google,люстры подвесные на крюк для кухни,1.0,False
2026-07-12,google,люстры потолочные,9.0,False
2026-07-12,yandex,люстры потолочные 5 ламп,3.0,False
2026-07-12,yandex,люстры потолочные для спальни в современном стиле,4.0,False
2026-07-12,yandex,люстры потолочные купить,6.0,False
2026-07-12,google,люстры потолочные купить в москве,4.0,False
2026-07-12,yandex,люстры потолочные купить в москве,2.0,False
2026-07-12,google,люстры потолочные купить москва,7.0,False
2026-07-12,yandex,люстры потолочные купить москва,2.0,False
2026-07-12,google,люстры потолочные недорого,18.0,False
2026-07-12,yandex,люстры потолочные недорого,4.0,False
2026-07-12,yandex,люстры потолочные палка современные,1.0,False
2026-07-12,google,люстры потолочные плоские,13.0,False
2026-07-12,yandex,люстры потолочные плоские,7.0,False
2026-07-12,google,люстры потолочные под,16.0,False
2026-07-12,yandex,люстры потолочные под,4.0,False
2026-07-12,google,люстры премиум класса купить в стиле ар-деко,36.0,False
2026-07-12,yandex,люстры премиум класса купить в стиле ар-деко,7.0,False
2026-07-12,yandex,люстры премиум класса купить в стиле модерн,7.0,False
2026-07-12,google,люстры производства германия,15.0,False
2026-07-12,yandex,люстры производства германия,3.0,False
2026-07-12,google,люстры распродажа,1.0,False
2026-07-12,yandex,люстры распродажа,1.0,False
2026-07-12,google,люстры распродажа остатков,1.0,False
2026-07-12,yandex,люстры распродажа остатков,1.0,False
2026-07-12,google,люстры с креплением на крюк,2.0,False
2026-07-12,yandex,люстры с креплением на крюк,1.0,False
2026-07-12,google,люстры с креплением под крюк,2.0,False
2026-07-12,yandex,люстры с креплением под крюк,1.0,False
2026-07-12,google,люстры с тканевыми абажурами,11.0,False
2026-07-12,yandex,люстры с тканевыми абажурами,3.0,False
2026-07-12,google,люстры сайт,12.0,False
2026-07-12,yandex,люстры сайт,1.0,False
2026-07-12,google,люстры светильники,9.0,False
2026-07-12,yandex,люстры светильники,5.0,False
2026-07-12,google,люстры светильники купить,7.0,False
2026-07-12,yandex,люстры светильники купить,2.0,False
2026-07-12,google,люстры ситилюкс каталог,17.0,False
2026-07-12,google,люстры современные,35.0,False
2026-07-12,google,люстры современные купить в москве,3.0,False
2026-07-12,yandex,люстры современные купить в москве,4.0,False
2026-07-12,google,люстры стекло,8.0,False
2026-07-12,yandex,люстры стекло,5.0,False
2026-07-12,google,люстры таблетки,6.0,False
2026-07-12,yandex,люстры таблетки,1.0,False
2026-07-12,google,люстры тиффани,14.0,False
2026-07-12,yandex,люстры тиффани,20.0,False
2026-07-12,google,люстры тиффани купить,9.0,False
2026-07-12,yandex,люстры тиффани купить,22.0,False
2026-07-12,google,люстры цены,12.0,False
2026-07-12,google,люстры чехия,20.0,False
2026-07-12,yandex,люстры чехия,3.0,False
2026-07-12,google,магазин гирлянд,2.0,False
2026-07-12,yandex,магазин лампочек,5.0,False
2026-07-12,google,магазин люстр,4.0,False
2026-07-12,google,магазин люстр в москве,8.0,False
2026-07-12,yandex,магазин люстр в москве,2.0,False
2026-07-12,google,магазин люстр и светильников,8.0,False
2026-07-12,yandex,магазин люстр и светильников,3.0,False
2026-07-12,google,магазин люстр москва,5.0,False
2026-07-12,yandex,магазин люстр москва,3.0,False
2026-07-12,google,магазин люстры,2.0,False
2026-07-12,google,магазин люстры в москве,10.0,False
2026-07-12,yandex,магазин люстры в москве,3.0,False
2026-07-12,google,магазин люстры москва,10.0,False
2026-07-12,yandex,магазин люстры москва,3.0,False
2026-07-12,google,магазин люстры светильники,2.0,False
2026-07-12,yandex,магазин люстры светильники,10.0,False
2026-07-12,google,магазин освещения,17.0,False
2026-07-12,yandex,магазин освещения,1.0,False
2026-07-12,google,магазин освещения москва,10.0,False
2026-07-12,yandex,магазин освещения москва,1.0,False
2026-07-12,google,магазин плафонов,6.0,False
2026-07-12,yandex,магазин плафонов,10.0,False
2026-07-12,google,магазин свет,24.0,False
2026-07-12,yandex,магазин свет,6.0,False
2026-07-12,yandex,магазин света,8.0,False
2026-07-12,yandex,магазин света москва,9.0,False
2026-07-12,yandex,магазин светильников,2.0,False
2026-07-12,google,магазин светильников в москве,9.0,False
2026-07-12,yandex,магазин светильников в москве,3.0,False
2026-07-12,google,магазин светодиодных ламп,16.0,False
2026-07-12,yandex,магазин светодиодных ламп,23.0,False
2026-07-12,yandex,магазин уличных фонарей,7.0,False
2026-07-12,google,магазины люстр,6.0,False
2026-07-12,yandex,магазины люстр,2.0,False
2026-07-12,google,магазины люстр в москве,7.0,False
2026-07-12,yandex,магазины люстр в москве,2.0,False
2026-07-12,google,магазины светильников,15.0,False
2026-07-12,yandex,магазины светильников,2.0,False
2026-07-12,google,магнитные трековые системы swg,6.0,False
2026-07-12,yandex,магнитные трековые системы swg,2.0,False
2026-07-12,google,магнитный трековый светильник,35.0,False
2026-07-12,yandex,магнитный трековый светильник,21.0,False
2026-07-12,google,майтони,14.0,False
2026-07-12,google,майтони комплектующие,3.0,False
2026-07-12,yandex,майтони комплектующие,2.0,False
2026-07-12,google,майтони люстры,23.0,False
2026-07-12,yandex,майтони люстры,9.0,False
2026-07-12,google,маленькая люстра,22.0,False
2026-07-12,google,маленькие классические люстры,9.0,False
2026-07-12,yandex,маленькие классические люстры,5.0,False
2026-07-12,google,мантра светильники,10.0,False
2026-07-12,yandex,мантра светильники,19.0,False
2026-07-12,google,матовая люстра,41.0,False
2026-07-12,google,металлические торшеры,22.0,False
2026-07-12,yandex,металлические торшеры,6.0,False
2026-07-12,google,модные люстры на кухню 2026,6.0,False
2026-07-12,google,модные потолочные светильники 2026,1.0,False
2026-07-12,yandex,модные потолочные светильники 2026,32.0,False
2026-07-12,google,наземные светильники влагозащищенные уличные,2.0,False
2026-07-12,yandex,наземные светильники влагозащищенные уличные,3.0,False
2026-07-12,google,накладка на потолок под люстру,3.0,False
2026-07-12,google,накладка под люстру,2.0,False
2026-07-12,yandex,накладная трековая система denkirs,4.0,False
2026-07-12,yandex,накладной потолочный светильник (плафон) шар с розовой арматурой,1.0,False
2026-07-12,google,накладной ретро спот,1.0,False
2026-07-12,yandex,накладной ретро спот,2.0,False
2026-07-12,google,накладной ретро спот потолочный,3.0,False
2026-07-12,yandex,накладной ретро спот потолочный,1.0,False
2026-07-12,yandex,накладной светильник в виде трилистника на три лампы,10.0,False
2026-07-12,yandex,накладной светильник в виде цветка на три лампы,6.0,False
2026-07-12,google,накладные светильники,26.0,False
2026-07-12,google,настенно потолочные светильники,37.0,False
2026-07-12,yandex,настенно потолочные светильники,9.0,False
2026-07-12,yandex,настенного светильника,11.0,False
2026-07-12,yandex,настенные бра,7.0,False
2026-07-12,yandex,настенные лампы светильники,11.0,False
2026-07-12,yandex,настенные светильники лофт купить,7.0,False
2026-07-12,google,настенный odeon light,16.0,False
2026-07-12,google,настенный светильник arte lamp pipirima,7.0,False
2026-07-12,yandex,настенный светильник arte lamp pipirima,42.0,False
2026-07-12,yandex,настенный светильник maytoni,21.0,False
2026-07-12,yandex,настенный светильник odeon,6.0,False
2026-07-12,google,настенный светильник в ванную,12.0,False
2026-07-12,google,настенный светильник для лестницы,11.0,False
2026-07-12,yandex,настенный светильник для лестницы,4.0,False
2026-07-12,yandex,настенный светильник купить в москве,8.0,False
2026-07-12,yandex,настенный светильник на кухню купить,8.0,False
2026-07-12,yandex,настенный светильник с выключателем,19.0,False
2026-07-12,yandex,настенный светильник спот на планке,3.0,False
2026-07-12,yandex,настенный светильник черный,4.0,False
2026-07-12,google,настольная лампа в классическом стиле,5.0,False
2026-07-12,yandex,настольная лампа в морском стиле,13.0,False
2026-07-12,google,настольная лампа дерево,2.0,False
2026-07-12,yandex,настольная лампа дерево,17.0,False
2026-07-12,yandex,настольная лампа для рабочего стола,22.0,False
2026-07-12,google,настольная лампа керамика,8.0,False
2026-07-12,google,настольная лампа классическая,2.0,False
2026-07-12,yandex,настольная лампа классическая,5.0,False
2026-07-12,yandex,настольная лампа красная,22.0,False
2026-07-12,google,настольная лампа на прищепке,5.0,False
2026-07-12,yandex,настольная лампа на прищепке,7.0,False
2026-07-12,yandex,настольная лампа одеон лайт,2.0,False
2026-07-12,google,настольная лампа ретро,15.0,False
2026-07-12,yandex,настольная лампа ретро,3.0,False
2026-07-12,google,настольная лампа с деревянным основанием,2.0,False
2026-07-12,yandex,настольная лампа с деревянным основанием,20.0,False
2026-07-12,google,настольная лампа с керамическим основанием,8.0,False
2026-07-12,yandex,настольная лампа с керамическим основанием,13.0,False
2026-07-12,google,настольная лампа с креплением к столу,2.0,False
2026-07-12,yandex,настольная лампа с креплением к столу,8.0,False
2026-07-12,google,настольная лампа стекло,15.0,False
2026-07-12,yandex,настольная лампа стекло,3.0,False
2026-07-12,yandex,настольная лампа стола,9.0,False
2026-07-12,google,настольная лампа флористика,12.0,False
2026-07-12,yandex,настольная лампа хайтек,2.0,False
2026-07-12,google,настольная лампа чехия,8.0,False
2026-07-12,google,настольные лампы в стиле арт деко,8.0,False
2026-07-12,google,настольные лампы в стиле ретро,16.0,False
2026-07-12,yandex,настольные лампы в стиле ретро,4.0,False
2026-07-12,yandex,настольные лампы для рабочего стола,11.0,False
2026-07-12,yandex,настольные лампы и светильники,4.0,False
2026-07-12,google,настольные лампы из дерева,2.0,False
2026-07-12,yandex,настольные лампы из дерева,18.0,False
2026-07-12,google,настольные лампы италия классика,9.0,False
2026-07-12,yandex,настольные лампы италия классика,20.0,False
2026-07-12,google,настольные лампы керамика,7.0,False
2026-07-12,yandex,настольные лампы керамика,2.0,False
2026-07-12,yandex,настольные лампы майтони,14.0,False
2026-07-12,yandex,настольные лампы москва,1.0,False
2026-07-12,yandex,настольные лампы с выключателем на основании,4.0,False
2026-07-12,google,настольные лампы с керамическим основанием,8.0,False
2026-07-12,google,настольные лампы с креплением к столу,3.0,False
2026-07-12,yandex,настольные светильники интернет магазине,2.0,False
2026-07-12,google,настольный светильник в спальню классика,5.0,False
2026-07-12,yandex,настольный светильник в спальню классика,5.0,False
2026-07-12,yandex,натяжная люстра,33.0,False
2026-07-12,google,недорогие люстры,15.0,False
2026-07-12,yandex,немецкие люстры,3.0,False
2026-07-12,yandex,ньюпорт каталог люстр,17.0,False
2026-07-12,google,ньюпорт светильники,5.0,False
2026-07-12,yandex,ньюпорт светильники,16.0,False
2026-07-12,google,одеон лайт,12.0,False
2026-07-12,yandex,одеон цены,10.0,False
2026-07-12,google,онлайн магазин светильников,9.0,False
2026-07-12,yandex,онлайн магазин светильников,9.0,False
2026-07-12,google,освещение в квартире 2026,3.0,False
2026-07-12,google,освещение в прихожей 2026,3.0,False
2026-07-12,google,освещение для спальни,36.0,False
2026-07-12,yandex,освещение купить,5.0,False
2026-07-12,google,освещение люстры,7.0,False
2026-07-12,yandex,освещение люстры,6.0,False
2026-07-12,google,освещение на веранде,23.0,False
2026-07-12,yandex,освещение на веранде,7.0,False
2026-07-12,google,освещение на кухне 2026,1.0,False
2026-07-12,yandex,освещение на кухне 2026,5.0,False
2026-07-12,google,освещение на уличной веранде,16.0,False
2026-07-12,google,освещение сайт,10.0,False
2026-07-12,yandex,освещение сайт,1.0,False
2026-07-12,google,офисная люстра,25.0,False
2026-07-12,yandex,офисная люстра,4.0,False
2026-07-12,google,планка для люстры,8.0,False
2026-07-12,yandex,планка для люстры,10.0,False
2026-07-12,yandex,плафон,17.0,False
2026-07-12,google,плафон купить,8.0,False
2026-07-12,yandex,плафон на люстру st luce круглый,2.0,False
2026-07-12,google,плафон освещения,17.0,False
2026-07-12,yandex,плафон освещения,15.0,False
2026-07-12,yandex,плафон освещения потолочный,15.0,False
2026-07-12,google,плафон ру,8.0,False
2026-07-12,google,плафон светильника,7.0,False
2026-07-12,yandex,плафон светильника,12.0,False
2026-07-12,google,плафоны для бра,6.0,False
2026-07-12,yandex,плафоны для бра,5.0,False
2026-07-12,google,плафоны для люстр,6.0,False
2026-07-12,yandex,плафоны для люстр,7.0,False
2026-07-12,google,плафоны для люстры,7.0,False
2026-07-12,yandex,плафоны для люстры,6.0,False
2026-07-12,google,плафоны для люстры купить,9.0,False
2026-07-12,yandex,плафоны для люстры купить,12.0,False
2026-07-12,google,плафоны для люстры купить отдельно,7.0,False
2026-07-12,google,плафоны для люстры купить отдельно в москве,7.0,False
2026-07-12,yandex,плафоны для люстры купить отдельно в москве,10.0,False
2026-07-12,google,плафоны для светильников,9.0,False
2026-07-12,yandex,плафоны для светильников,14.0,False
2026-07-12,google,плафоны люстр москва,3.0,False
2026-07-12,yandex,плафоны люстр москва,11.0,False
2026-07-12,google,плафоны на люстру купить,7.0,False
2026-07-12,yandex,плафоны на люстру купить,9.0,False
2026-07-12,google,плафоны отдельно купить,8.0,False
2026-07-12,yandex,плафоны отдельно купить,10.0,False
2026-07-12,google,плоская люстра,11.0,False
2026-07-12,yandex,плоская люстра,10.0,False
2026-07-12,yandex,под потолочный светильник,10.0,False
2026-07-12,google,подвес для люстры,2.0,False
2026-07-12,yandex,подвес для люстры,17.0,False
2026-07-12,google,подвес для люстры купить,4.0,False
2026-07-12,yandex,подвес для люстры купить,7.0,False
2026-07-12,google,подвес для светильника,6.0,False
2026-07-12,yandex,подвес для светильника,20.0,False
2026-07-12,google,подвес крепеж крепление держатели для плафона плоского потолочного,1.0,False
2026-07-12,yandex,подвес крепеж крепление держатели для плафона плоского потолочного,7.0,False
2026-07-12,google,подвески для люстры,24.0,False
2026-07-12,google,подвесная люстра,11.0,False
2026-07-12,yandex,подвесная люстра,3.0,False
2026-07-12,google,подвесное крепление люстры,1.0,False
2026-07-12,yandex,подвесное крепление люстры,7.0,False
2026-07-12,yandex,подвесной odeon light,12.0,False
2026-07-12,yandex,подвесной линейный светильник,35.0,False
2026-07-12,yandex,подвесной светильник maytoni,45.0,False
2026-07-12,google,подвесной светильник для кухни,21.0,False
2026-07-12,google,подвесной светильник из ротанга,1.0,False
2026-07-12,yandex,подвесной светильник над столом,38.0,False
2026-07-12,google,подвесной светильник уличный,3.0,False
2026-07-12,yandex,подвесной светильник уличный,9.0,False
2026-07-12,google,подвесной светильник черный,36.0,False
2026-07-12,google,подвесной светодиодный светильник,35.0,False
2026-07-12,yandex,подвесные лампы светильники,4.0,False
2026-07-12,google,подвесные люстры,18.0,False
2026-07-12,google,подвесные люстры москва,9.0,False
2026-07-12,yandex,подвесные люстры москва,4.0,False
2026-07-12,yandex,подвесные светильники,2.0,False
2026-07-12,google,подвесные уличные светильники,8.0,False
2026-07-12,yandex,подвесные уличные светильники,7.0,False
2026-07-12,google,поднос декоративный,18.0,False
2026-07-12,google,поднос декоративный купить,6.0,False
2026-07-12,yandex,поднос декоративный купить,12.0,False
2026-07-12,google,поднос интерьерный,14.0,False
2026-07-12,yandex,подрозетник maytoni,11.0,False
2026-07-12,yandex,полимерный декор,4.0,False
2026-07-12,google,польские люстры,7.0,False
2026-07-12,yandex,польские люстры,6.0,False
2026-07-12,google,потолок потолочный светильник,20.0,False
2026-07-12,google,потолочная люстра,7.0,False
2026-07-12,yandex,потолочная люстра,6.0,False
2026-07-12,google,потолочная люстра в виде палочек,10.0,False
2026-07-12,yandex,потолочная люстра в виде палочек,1.0,False
2026-07-12,yandex,потолочная люстра в спальню,3.0,False
2026-07-12,yandex,потолочная люстра купить,4.0,False
2026-07-12,google,потолочная люстра палочки,6.0,False
2026-07-12,yandex,потолочная люстра палочки,2.0,False
2026-07-12,google,потолочная планка для люстры,6.0,False
2026-07-12,yandex,потолочная планка для люстры,14.0,False
2026-07-12,google,потолочное крепление для люстры,2.0,False
2026-07-12,yandex,потолочное крепление для люстры,6.0,False
2026-07-12,google,потолочное освещение на веранде,2.0,False
2026-07-12,yandex,потолочное освещение на веранде,1.0,False
2026-07-12,google,потолочную люстру купить,21.0,False
2026-07-12,yandex,потолочную люстру купить,5.0,False
2026-07-12,google,потолочные люстры,11.0,False
2026-07-12,yandex,потолочные люстры,2.0,False
2026-07-12,google,потолочные люстры купить,10.0,False
2026-07-12,yandex,потолочные люстры купить,5.0,False
2026-07-12,yandex,потолочные люстры купить цена,10.0,False
2026-07-12,google,потолочные светильники,38.0,False
2026-07-12,yandex,потолочные светильники,7.0,False
2026-07-12,google,потолочные светильники 2026,20.0,False
2026-07-12,yandex,потолочные светильники 2026,26.0,False
2026-07-12,yandex,потолочные светильники для квартиры,9.0,False
2026-07-12,google,потолочные светильники для террасы,7.0,False
2026-07-12,google,потолочные светильники москва,18.0,False
2026-07-12,yandex,потолочные светильники москва,5.0,False
2026-07-12,yandex,потолочные светильники сканди,16.0,False
2026-07-12,google,потолочные светильники уличные,11.0,False
2026-07-12,yandex,потолочные светильники уличные,5.0,False
2026-07-12,google,потолочные споты,17.0,False
2026-07-12,yandex,потолочные споты,4.0,False
2026-07-12,google,потолочные уличные светильники,9.0,False
2026-07-12,yandex,потолочные уличные светильники,5.0,False
2026-07-12,google,потолочный maytoni,19.0,False
2026-07-12,yandex,потолочный maytoni,30.0,False
2026-07-12,google,потолочный светильник,42.0,False
2026-07-12,yandex,потолочный светильник,4.0,False
2026-07-12,yandex,потолочный светильник light,4.0,False
2026-07-12,google,потолочный светильник maytoni,20.0,False
2026-07-12,yandex,потолочный светильник белый,10.0,False
2026-07-12,yandex,потолочный светильник в ванную,7.0,False
2026-07-12,yandex,потолочный светильник для ванной комнаты,18.0,False
2026-07-12,google,потолочный светильник купить в москве,19.0,False
2026-07-12,yandex,потолочный светильник купить в москве,7.0,False
2026-07-12,google,потолочный светильник на балкон,1.0,False
2026-07-12,google,потолочный светильник уличный,7.0,False
2026-07-12,google,потолочный светодиодный светильники led,21.0,False
2026-07-12,yandex,потолочный светодиодный светильники led,10.0,False
2026-07-12,google,потолочный уличный светильник,7.0,False
2026-07-12,yandex,потолочный уличный светильник,4.0,False
2026-07-12,google,прикроватные лампы классическом стиле,3.0,False
2026-07-12,yandex,прикроватные лампы классическом стиле,18.0,False
2026-07-12,google,про люстра,6.0,False
2026-07-12,yandex,про люстра,6.0,False
2026-07-12,google,продажа осветительных приборов,21.0,False
2026-07-12,yandex,продажа осветительных приборов,2.0,False
2026-07-12,google,прозрачные люстры,14.0,False
2026-07-12,google,производители светодиодных лент,12.0,False
2026-07-12,google,пульт es elektrostandart,6.0,False
2026-07-12,yandex,пульт es elektrostandart,1.0,False
2026-07-12,google,пульт для лампы,2.0,False
2026-07-12,yandex,пульт для лампы,20.0,False
2026-07-12,google,пульт для люстры,5.0,False
2026-07-12,yandex,пульт для люстры,3.0,False
2026-07-12,google,пульт для потолочного светильника,3.0,False
2026-07-12,google,пульт для светильника,6.0,False
2026-07-12,yandex,пульт для светильника,8.0,False
2026-07-12,google,пульт для светодиодной люстры,2.0,False
2026-07-12,yandex,пульт для светодиодной люстры,7.0,False
2026-07-12,google,пульт ду для люстры,2.0,False
2026-07-12,yandex,пульт ду для люстры,3.0,False
2026-07-12,google,пульт от лампы,3.0,False
2026-07-12,yandex,пульт от лампы,8.0,False
2026-07-12,google,пульт от люстры,2.0,False
2026-07-12,yandex,пульт от люстры,4.0,False
2026-07-12,google,распродажа люстр,1.0,False
2026-07-12,yandex,распродажа люстр,4.0,False
2026-07-12,google,распродажа светильников,4.0,False
2026-07-12,yandex,распродажа светильников,1.0,False
2026-07-12,yandex,ретро лампа настольная,7.0,False
2026-07-12,yandex,ретро люстра,25.0,False
2026-07-12,google,российские светильники,1.0,False
2026-07-12,yandex,российские светильники,4.0,False
2026-07-12,google,ротанговые подвесные светильники на сайте светлый,1.0,False
2026-07-12,google,ротанговые светильники,1.0,False
2026-07-12,yandex,ротанговые светильники,7.0,False
2026-07-12,google,садовое освещение,4.0,False
2026-07-12,google,садовые светильники,6.0,False
2026-07-12,google,садовые светильники купить,4.0,False
2026-07-12,google,садовые светильники столбики,2.0,False
2026-07-12,google,садовые светильники электрические,5.0,False
2026-07-12,yandex,садовые светильники электрические,2.0,False
2026-07-12,google,садовые фонари,10.0,False
2026-07-12,google,садовые фонари купить,10.0,False
2026-07-12,yandex,садовые фонари купить,8.0,False
2026-07-12,google,садовые фонари электрические,6.0,False
2026-07-12,yandex,садовые фонари электрические,20.0,False
2026-07-12,google,садовые фонарики,20.0,False
2026-07-12,google,садовый светильник,6.0,False
2026-07-12,yandex,садовый светильник,9.0,False
2026-07-12,google,садовый светильник купить,5.0,False
2026-07-12,google,сайт люстры,11.0,False
2026-07-12,yandex,сайт люстры,1.0,False
2026-07-12,google,салоны люстр,13.0,False
2026-07-12,yandex,салоны люстр,3.0,False
2026-07-12,google,самый большой магазин люстр в москве,8.0,False
2026-07-12,yandex,самый большой магазин люстр в москве,7.0,False
2026-07-12,google,свет купить,10.0,False
2026-07-12,yandex,свет купить,3.0,False
2026-07-12,google,свет люстры,6.0,False
2026-07-12,google,свет люстры светильники,9.0,False
2026-07-12,yandex,свет люстры светильники,3.0,False
2026-07-12,google,свет магазин,18.0,False
2026-07-12,yandex,свет магазин,9.0,False
2026-07-12,yandex,свет настольная лампа,8.0,False
2026-07-12,google,светильник,40.0,False
2026-07-12,google,светильник 24 вольта,8.0,False
2026-07-12,yandex,светильник 24 вольта,15.0,False
2026-07-12,yandex,светильник citilux,7.0,False
2026-07-12,google,светильник eglo,26.0,False
2026-07-12,yandex,светильник eglo,28.0,False
2026-07-12,google,светильник elektrostandard,28.0,False
2026-07-12,yandex,светильник elektrostandard,36.0,False
2026-07-12,google,светильник ip44,4.0,False
2026-07-12,yandex,светильник ip44,21.0,False
2026-07-12,google,светильник ip68,1.0,False
2026-07-12,yandex,светильник ip68,18.0,False
2026-07-12,google,светильник maytoni,21.0,False
2026-07-12,yandex,светильник maytoni,11.0,False
2026-07-12,yandex,светильник maytoni technical,25.0,False
2026-07-12,yandex,светильник бра,12.0,False
2026-07-12,google,светильник бра lux,28.0,False
2026-07-12,yandex,светильник бра lux,6.0,False
2026-07-12,yandex,светильник бра настенный,5.0,False
2026-07-12,yandex,светильник в ванную комнату,8.0,False
2026-07-12,google,светильник в ванную комнату настенный купить в москве,2.0,False
2026-07-12,yandex,светильник в ванную комнату настенный купить в москве,26.0,False
2026-07-12,yandex,светильник в зал современный,7.0,False
2026-07-12,yandex,светильник в санузел,3.0,False
2026-07-12,google,светильник встраиваемый ip54,6.0,False
2026-07-12,yandex,светильник встраиваемый вт,14.0,False
2026-07-12,google,светильник встроенный ip54,2.0,False
2026-07-12,google,светильник грунтовый,21.0,False
2026-07-12,yandex,светильник грунтовый,36.0,False
2026-07-12,google,светильник для балкона,2.0,False
2026-07-12,google,светильник для балкона потолочный,1.0,False
2026-07-12,yandex,светильник для балкона потолочный,2.0,False
2026-07-12,yandex,светильник для ванной настольный,1.0,False
2026-07-12,yandex,светильник для ванной потолочный влагозащищенный накладной,6.0,False
2026-07-12,yandex,светильник для ванны,6.0,False
2026-07-12,google,светильник для веранды,1.0,False
2026-07-12,google,светильник для террасы,2.0,False
2026-07-12,yandex,светильник для террасы,2.0,False
2026-07-12,google,светильник из ротанга,8.0,False
2026-07-12,yandex,светильник из ротанга,19.0,False
2026-07-12,yandex,светильник круглый потолочный,4.0,False
2026-07-12,google,светильник купить,32.0,False
2026-07-12,yandex,светильник купить,3.0,False
2026-07-12,yandex,светильник лофт,26.0,False
2026-07-12,google,светильник люстра,2.0,False
2026-07-12,google,светильник люстра купить,6.0,False
2026-07-12,google,светильник на балкон,2.0,False
2026-07-12,google,светильник на балкон настенный,3.0,False
2026-07-12,yandex,светильник на балкон настенный,5.0,False
2026-07-12,google,светильник на балкон потолочный,1.0,False
2026-07-12,yandex,светильник на балкон потолочный,2.0,False
2026-07-12,google,светильник на веранду,2.0,False
2026-07-12,yandex,светильник на веранду,2.0,False
2026-07-12,google,светильник на кухню потолочный,16.0,False
2026-07-12,yandex,светильник на кухню потолочный,2.0,False
2026-07-12,google,светильник на лоджию,2.0,False
2026-07-12,yandex,светильник на лоджию,2.0,False
2026-07-12,google,светильник на открытую веранду,3.0,False
2026-07-12,yandex,светильник на открытую веранду,2.0,False
2026-07-12,google,светильник на прищепке,6.0,False
2026-07-12,yandex,светильник на стол,10.0,False
2026-07-12,google,светильник на столб,16.0,False
2026-07-12,yandex,светильник на столб,37.0,False
2026-07-12,google,светильник на террасу,1.0,False
2026-07-12,yandex,светильник на террасу,1.0,False
2026-07-12,google,светильник на террасу настенный,4.0,False
2026-07-12,yandex,светильник на террасу настенный,7.0,False
2026-07-12,yandex,светильник настенно потолочный светодиодный,27.0,False
2026-07-12,yandex,светильник настенный ip65,35.0,False
2026-07-12,yandex,светильник настенный с датчиком,15.0,False
2026-07-12,yandex,светильник настенный светодиодный,28.0,False
2026-07-12,google,светильник настольный для кабинета руководителя премиум класса,38.0,False
2026-07-12,yandex,светильник настольный для кабинета руководителя премиум класса,9.0,False
2026-07-12,google,светильник настольный прищепка купить,7.0,False
2026-07-12,yandex,светильник настольный прищепка купить,5.0,False
2026-07-12,google,светильник онлайн,14.0,False
2026-07-12,yandex,светильник онлайн,10.0,False
2026-07-12,yandex,светильник плоский потолочный,13.0,False
2026-07-12,google,светильник подвесной влагозащищенный,2.0,False
2026-07-12,yandex,светильник подвесной влагозащищенный,6.0,False
2026-07-12,google,светильник подвесной уличный,3.0,False
2026-07-12,yandex,светильник подвесной уличный,7.0,False
2026-07-12,yandex,светильник потолочный,15.0,False
2026-07-12,yandex,светильник потолочный leading,11.0,False
2026-07-12,yandex,светильник потолочный lighting,7.0,False
2026-07-12,google,светильник потолочный влагозащищенный,12.0,False
2026-07-12,google,светильник потолочный квадратный,35.0,False
2026-07-12,yandex,светильник потолочный квадратный,6.0,False
2026-07-12,google,светильник потолочный на крюк,6.0,False
2026-07-12,yandex,светильник потолочный на крюк,2.0,False
2026-07-12,yandex,светильник потолочный накладной,16.0,False
2026-07-12,yandex,светильник потолочный накладной круглый,13.0,False
2026-07-12,google,светильник потолочный светодиодный,23.0,False
2026-07-12,yandex,светильник потолочный светодиодный,4.0,False
2026-07-12,yandex,светильник потолочный светодиодный белый,33.0,False
2026-07-12,yandex,светильник потолочный светодиодный квадратный,37.0,False
2026-07-12,google,светильник потолочный уличный,11.0,False
2026-07-12,google,светильник прищепка,6.0,False
2026-07-12,yandex,светильник прищепка,6.0,False
2026-07-12,google,светильник ру,9.0,False
2026-07-12,yandex,светильник ру,30.0,False
2026-07-12,google,светильник с вентилятором,32.0,False
2026-07-12,yandex,светильник с вентилятором,25.0,False
2026-07-12,yandex,светильник с вентилятором потолочный,13.0,False
2026-07-12,yandex,светильник с веревочным выключателем,10.0,False
2026-07-12,google,светильник с выключателем шнурком,2.0,False
2026-07-12,yandex,светильник с выключателем шнурком,6.0,False
2026-07-12,google,светильник с прищепкой,7.0,False
2026-07-12,yandex,светильник с прищепкой,9.0,False
2026-07-12,google,светильник садовый,7.0,False
2026-07-12,google,светильник садовый купить,4.0,False
2026-07-12,yandex,светильник садовый купить,20.0,False
2026-07-12,google,светильник светодиодный ip68,2.0,False
2026-07-12,yandex,светильник светодиодный ip68,16.0,False
2026-07-12,google,светильник светодиодный maytoni,19.0,False
2026-07-12,yandex,светильник светодиодный maytoni,34.0,False
2026-07-12,yandex,светильник светодиодный потолочный круглый,16.0,False
2026-07-12,google,светильник светодиодный уличный,24.0,False
2026-07-12,google,светильник спот,23.0,False
2026-07-12,yandex,светильник спот,7.0,False
2026-07-12,google,светильник спот потолочный,26.0,False
2026-07-12,google,светильник спот ретро стиль,1.0,False
2026-07-12,yandex,светильник спот ретро стиль,1.0,False
2026-07-12,google,светильник струнyый потолочный,7.0,False
2026-07-12,yandex,светильник торшер,14.0,False
2026-07-12,google,светильник торшер в угол,12.0,False
2026-07-12,yandex,светильник точечный,6.0,False
2026-07-12,yandex,светильник точечный потолочный,9.0,False
2026-07-12,yandex,светильник точечный уличный встраиваемый,5.0,False
2026-07-12,google,светильник трековый светодиодный,32.0,False
2026-07-12,yandex,светильник трековый светодиодный,26.0,False
2026-07-12,google,светильник уличного освещения,46.0,False
2026-07-12,google,светильник уличный ip65,22.0,False
2026-07-12,yandex,светильник уличный ip65,9.0,False
2026-07-12,google,светильник уличный reluse,6.0,False
2026-07-12,yandex,светильник уличный reluse,9.0,False
2026-07-12,google,светильник уличный влагозащищенный,2.0,False
2026-07-12,yandex,светильник уличный влагозащищенный,1.0,False
2026-07-12,google,светильник уличный на столб,9.0,False
2026-07-12,google,светильник уличный наземный,5.0,False
2026-07-12,yandex,светильник уличный наземный,6.0,False
2026-07-12,yandex,светильник уличный настенный,5.0,False
2026-07-12,google,светильник уличный настенный влагозащищенный,2.0,False
2026-07-12,google,светильник уличный подвесной,2.0,False
2026-07-12,yandex,светильник уличный подвесной,10.0,False
2026-07-12,google,светильник уличный подвесной металлический,2.0,False
2026-07-12,yandex,светильник уличный подвесной металлический,15.0,False
2026-07-12,yandex,светильник уличный подвесной фирма электростандарт модель амбра,19.0,False
2026-07-12,yandex,светильник уличный потолочный,7.0,False
2026-07-12,yandex,светильник уличный с козырьком 1500,2.0,False
2026-07-12,google,светильник уличный садовый,4.0,False
2026-07-12,yandex,светильник уличный садовый,8.0,False
2026-07-12,google,светильник уличный светодиодный на столб,27.0,False
2026-07-12,google,светильник уличный столб,3.0,False
2026-07-12,yandex,светильник уличный столб,12.0,False
2026-07-12,google,светильник уличный столбик,10.0,False
2026-07-12,google,светильник уличный шар,23.0,False
2026-07-12,yandex,светильник фасадный уличный,41.0,False
2026-07-12,yandex,светильник франческа австрия матовое стекло полусфера подвесной,4.0,False
2026-07-12,yandex,светильник шар подвесной,22.0,False
2026-07-12,yandex,светильники,14.0,False
2026-07-12,google,светильники ambrella light,10.0,False
2026-07-12,google,светильники arte lamp,24.0,False
2026-07-12,yandex,светильники arte lamp,16.0,False
2026-07-12,google,светильники bohemia art classic,2.0,False
2026-07-12,yandex,светильники bohemia art classic,7.0,False
2026-07-12,google,светильники eglo,30.0,False
2026-07-12,yandex,светильники eglo,9.0,False
2026-07-12,google,светильники lux ru,4.0,False
2026-07-12,yandex,светильники lux ru,1.0,False
2026-07-12,google,светильники maytoni,16.0,False
2026-07-12,google,светильники newport,4.0,False
2026-07-12,yandex,светильники newport,6.0,False
2026-07-12,google,светильники артеламп,21.0,False
2026-07-12,yandex,светильники артеламп,3.0,False
2026-07-12,yandex,светильники в ванную,5.0,False
2026-07-12,yandex,светильники в ванную комнату на потолок,8.0,False
2026-07-12,yandex,светильники в ванную комнату на потолок влагозащищенный,9.0,False
2026-07-12,yandex,светильники в восточном стиле,14.0,False
2026-07-12,yandex,светильники в москве,2.0,False
2026-07-12,google,светильники в наличии,5.0,False
2026-07-12,yandex,светильники в наличии,1.0,False
2026-07-12,google,светильники встроенные встраиваемые светодиодные,44.0,False
2026-07-12,google,светильники для балкона,2.0,False
2026-07-12,google,светильники для ванной настенные,18.0,False
2026-07-12,yandex,светильники для ванной настенные,9.0,False
2026-07-12,google,светильники для веранды,1.0,False
2026-07-12,yandex,светильники для веранды,1.0,False
2026-07-12,yandex,светильники для влажных помещений,6.0,False
2026-07-12,yandex,светильники для двора,34.0,False
2026-07-12,google,светильники для квартиры,21.0,False
2026-07-12,yandex,светильники для квартиры,2.0,False
2026-07-12,google,светильники для открытой террасы,4.0,False
2026-07-12,yandex,светильники для открытой террасы,3.0,False
2026-07-12,yandex,светильники для сада,18.0,False
2026-07-12,google,светильники для террасы,3.0,False
2026-07-12,yandex,светильники для террасы,5.0,False
2026-07-12,google,светильники и люстры,8.0,False
2026-07-12,yandex,светильники и люстры,3.0,False
2026-07-12,google,светильники из гипса,27.0,False
2026-07-12,yandex,светильники из гипса,12.0,False
2026-07-12,google,светильники из китая,22.0,False
2026-07-12,google,светильники из металла,17.0,False
2026-07-12,yandex,светильники из металла,2.0,False
2026-07-12,google,светильники из ротанга,11.0,False
2026-07-12,yandex,светильники из ротанга,18.0,False
2026-07-12,google,светильники из ротанга купить,8.0,False
2026-07-12,google,светильники интернет магазин,10.0,False
2026-07-12,yandex,светильники интернет магазин,2.0,False
2026-07-12,yandex,светильники купить,3.0,False
2026-07-12,google,светильники купить в москве,13.0,False
2026-07-12,yandex,светильники купить в москве,3.0,False
2026-07-12,google,светильники купить москва,16.0,False
2026-07-12,yandex,светильники купить москва,4.0,False
2026-07-12,google,светильники ландшафтные столбики,2.0,False
2026-07-12,yandex,светильники ландшафтные столбики,2.0,False
2026-07-12,google,светильники ландшафтные уличные столбики металлические,2.0,False
2026-07-12,yandex,светильники ландшафтные уличные столбики металлические,2.0,False
2026-07-12,google,светильники ландшафтные уличные столбики светодиодный,2.0,False
2026-07-12,yandex,светильники ландшафтные уличные столбики светодиодный,8.0,False
2026-07-12,google,светильники люстры,5.0,False
2026-07-12,google,светильники магазин,11.0,False
2026-07-12,google,светильники майтони,11.0,False
2026-07-12,yandex,светильники майтони,3.0,False
2026-07-12,google,светильники москва,15.0,False
2026-07-12,yandex,светильники москва,1.0,False
2026-07-12,google,светильники на балкон настенные,2.0,False
2026-07-12,yandex,светильники на балкон настенные,1.0,False
2026-07-12,google,светильники на веранду,1.0,False
2026-07-12,google,светильники на веранду фото,2.0,False
2026-07-12,google,светильники на крючке купить,9.0,False
2026-07-12,yandex,светильники на крючке купить,3.0,False
2026-07-12,yandex,светильники на потолок,16.0,False
2026-07-12,google,светильники на прищепке,2.0,False
2026-07-12,yandex,светильники на прищепке,3.0,False
2026-07-12,google,светильники на террасу,1.0,False
2026-07-12,yandex,светильники наружные ит65,5.0,False
2026-07-12,yandex,светильники настенные light,35.0,False
2026-07-12,yandex,светильники настенные для внутреннего освещения,16.0,False
2026-07-12,google,светильники онлайн,10.0,False
2026-07-12,yandex,светильники онлайн,8.0,False
2026-07-12,yandex,светильники подвесные,1.0,False
2026-07-12,yandex,светильники подвесные четыре лампы на одной основе,8.0,False
2026-07-12,google,светильники потолочные,35.0,False
2026-07-12,google,светильники потолочные деревянные,12.0,False
2026-07-12,yandex,светильники потолочные деревянные,8.0,False
2026-07-12,yandex,светильники потолочные для магнитной трековой системы denkirs,3.0,False
2026-07-12,yandex,светильники потолочные ретро стиль,3.0,False
2026-07-12,google,светильники потолочные уличные ретро,4.0,False
2026-07-12,yandex,светильники потолочные черные,24.0,False
2026-07-12,google,светильники прованс потолочные дизайнерские,17.0,False
2026-07-12,yandex,светильники прованс потолочные дизайнерские,14.0,False
2026-07-12,google,светильники производство россия,18.0,False
2026-07-12,yandex,светильники производство россия,2.0,False
2026-07-12,google,светильники российского производства,9.0,False
2026-07-12,yandex,светильники российского производства,4.0,False
2026-07-12,google,светильники садовые,3.0,False
2026-07-12,yandex,светильники садовые,15.0,False
2026-07-12,google,светильники садовые купить,5.0,False
2026-07-12,yandex,светильники салон света,5.0,False
2026-07-12,google,светильники свети люкс,5.0,False
2026-07-12,yandex,светильники свети люкс,2.0,False
2026-07-12,yandex,светильники светодиодные для влажных помещений,9.0,False
2026-07-12,google,светильники споты,20.0,False
2026-07-12,yandex,светильники споты,4.0,False
2026-07-12,yandex,светильники торшеры,8.0,False
2026-07-12,yandex,светильники точечные потолочные,6.0,False
2026-07-12,google,светильники уличные на столбы,10.0,False
2026-07-12,google,светильники уличные настенные влагозащищенные для загородного дома купить,1.0,False
2026-07-12,google,светильники уличные подвесные,4.0,False
2026-07-12,google,светильники уличные потолочные,10.0,False
2026-07-12,yandex,светильники уличные потолочные,1.0,False
2026-07-12,google,светильники уличные садовые,3.0,False
2026-07-12,google,светильники цена,3.0,False
2026-07-12,yandex,светильники цена,10.0,False
2026-07-12,google,светильники чехия,2.0,False
2026-07-12,google,"светильники, лю из цветрого стекластры",5.0,False
2026-07-12,yandex,"светильники, лю из цветрого стекластры",7.0,False
2026-07-12,google,светлид ник плафон стекло,29.0,False
2026-07-12,yandex,светлид ник плафон стекло,43.0,False
2026-07-12,google,светлица светильники,29.0,False
2026-07-12,yandex,светлица светильники,7.0,False
2026-07-12,google,светлый магазин,2.0,False
2026-07-12,yandex,светлый магазин,3.0,False
2026-07-12,google,светлый официальный сайт,39.0,False
2026-07-12,yandex,светлый официальный сайт,1.0,False
2026-07-12,google,световой занавес,4.0,False
2026-07-12,google,световой столб купить,16.0,False
2026-07-12,yandex,светодиодная люстра,11.0,False
2026-07-12,yandex,светодиодное освещение,9.0,False
2026-07-12,yandex,светодиодные бра,22.0,False
2026-07-12,yandex,светодиодные лампы,21.0,False
2026-07-12,google,светодиодные ленты rgb,6.0,False
2026-07-12,google,светодиодные люстры в кабинет,13.0,False
2026-07-12,yandex,светодиодные люстры в кабинет,8.0,False
2026-07-12,yandex,светодиодные настольные лампы для дома,24.0,False
2026-07-12,google,светодиодные светильники,45.0,False
2026-07-12,yandex,светодиодные светильники,17.0,False
2026-07-12,google,светодиодный светильник уличный ip65,10.0,False
2026-07-12,yandex,светодиодный светильник уличный ip65,29.0,False
2026-07-12,google,светодиодный уличный фонарь,27.0,False
2026-07-12,yandex,светодиодный уличный фонарь,30.0,False
2026-07-12,google,ситилюкс люстры,10.0,False
2026-07-12,yandex,ситилюкс люстры,7.0,False
2026-07-12,google,ситилюкс сайт,16.0,False
2026-07-12,yandex,ситилюкс сайт,18.0,False
2026-07-12,google,ситилюкс светильники официальный сайт,8.0,False
2026-07-12,yandex,ситилюкс светильники официальный сайт,9.0,False
2026-07-12,google,современные люстры,39.0,False
2026-07-12,yandex,современные люстры,4.0,False
2026-07-12,google,современные люстры в гостиную,40.0,False
2026-07-12,yandex,современные люстры в гостиную,10.0,False
2026-07-12,google,современные люстры в москве,5.0,False
2026-07-12,google,современные люстры купить,15.0,False
2026-07-12,google,современные уличные светильники,12.0,False
2026-07-12,yandex,современные уличные светильники,3.0,False
2026-07-12,google,сонекс,24.0,False
2026-07-12,yandex,сонекс,10.0,False
2026-07-12,yandex,спальня с торшером,7.0,False
2026-07-12,yandex,спот,2.0,False
2026-07-12,google,спот винтаж,1.0,False
2026-07-12,yandex,спот винтаж,1.0,False
2026-07-12,google,спот купить,10.0,False
2026-07-12,google,спот на 4 лампы,7.0,False
2026-07-12,google,спот на 4 лампы на основании настенный,9.0,False
2026-07-12,yandex,спот на 4 лампы на основании настенный,1.0,False
2026-07-12,google,спот на прищепке европейский производитель,19.0,False
2026-07-12,google,спот потолочный стиль классика,5.0,False
2026-07-12,yandex,спот потолочный стиль классика,2.0,False
2026-07-12,google,спот ретро,1.0,False
2026-07-12,yandex,спот ретро,1.0,False
2026-07-12,google,спот светодиодный,17.0,False
2026-07-12,yandex,спот светодиодный,2.0,False
2026-07-12,yandex,спот система,6.0,False
2026-07-12,yandex,спот цена,9.0,False
2026-07-12,google,споты,21.0,False
2026-07-12,yandex,споты,8.0,False
2026-07-12,yandex,споты loft,2.0,False
2026-07-12,google,споты интернет магазин,5.0,False
2026-07-12,yandex,споты интернет магазин,1.0,False
2026-07-12,google,споты купить,18.0,False
2026-07-12,google,споты потолочные,17.0,False
2026-07-12,yandex,споты потолочные,1.0,False
2026-07-12,google,споты фонари,28.0,False
2026-07-12,yandex,споты фонари,1.0,False
2026-07-12,google,споты черные,37.0,False
2026-07-12,yandex,споты черные,6.0,False
2026-07-12,google,срот,2.0,False
2026-07-12,google,стекло для потолочного светильника,7.0,False
2026-07-12,yandex,стекло для потолочного светильника,8.0,False
2026-07-12,google,стеклянные люстры,7.0,False
2026-07-12,yandex,стили люстр,22.0,False
2026-07-12,google,стили потолочных люстр,29.0,False
2026-07-12,yandex,стильный свет светильники,6.0,False
2026-07-12,yandex,стола подвесной светильник,27.0,False
2026-07-12,google,столб освещения,27.0,False
2026-07-12,google,столб уличный,8.0,False
2026-07-12,yandex,столб уличный,5.0,False
2026-07-12,google,столб фонарный,15.0,False
2026-07-12,yandex,столб фонарный,5.0,False
2026-07-12,google,столб фонарный купить,2.0,False
2026-07-12,yandex,столб фонарный купить,6.0,False
2026-07-12,google,столб фонарный уличный,9.0,False
2026-07-12,yandex,столб фонарный уличный,4.0,False
2026-07-12,google,столб фонарный уличный купить,7.0,False
2026-07-12,yandex,столб фонарный уличный купить,3.0,False
2026-07-12,google,столбик садовый с подсветкой,5.0,False
2026-07-12,yandex,столбик садовый с подсветкой,9.0,False
2026-07-12,google,столбы освещения,24.0,False
2026-07-12,google,столбы освещения уличные купить,2.0,False
2026-07-12,yandex,столбы освещения уличные купить,7.0,False
2026-07-12,google,столбы фонарные,2.0,False
2026-07-12,yandex,столбы фонарные,4.0,False
2026-07-12,google,столбы фонарные уличного освещения,11.0,False
2026-07-12,yandex,столбы фонарные уличного освещения,9.0,False
2026-07-12,google,струнная система освещения,14.0,False
2026-07-12,google,струнные светильники,9.0,False
2026-07-12,google,супер люстры,39.0,False
2026-07-12,yandex,супер люстры,1.0,False
2026-07-12,yandex,терраса лампами,5.0,False
2026-07-12,google,тканевая люстра потолочная,16.0,False
2026-07-12,google,тканевые потолочные светильники,17.0,False
2026-07-12,yandex,тканевые потолочные светильники,8.0,False
2026-07-12,google,ткань для абажура,11.0,False
2026-07-12,yandex,ткань для абажура,47.0,False
2026-07-12,yandex,торшел флористика купить в москве,2.0,False
2026-07-12,google,торшер dio darte,6.0,False
2026-07-12,yandex,торшер dio darte,7.0,False
2026-07-12,google,торшер автомат,22.0,False
2026-07-12,yandex,торшер автомат,2.0,False
2026-07-12,google,торшер арка,3.0,False
2026-07-12,yandex,торшер арка,14.0,False
2026-07-12,google,торшер в стиле дача,5.0,False
2026-07-12,yandex,торшер в стиле дача,1.0,False
2026-07-12,google,торшер в стиле хай тек,4.0,False
2026-07-12,google,торшер для гостиной,25.0,False
2026-07-12,yandex,торшер для гостиной,6.0,False
2026-07-12,yandex,торшер для чтения напольный купить в москве,3.0,False
2026-07-12,google,торшер дуга,4.0,False
2026-07-12,yandex,торшер дуга,4.0,False
2026-07-12,google,торшер изогнутый,7.0,False
2026-07-12,yandex,торшер изогнутый,5.0,False
2026-07-12,google,торшер изогнутый напольный,8.0,False
2026-07-12,yandex,торшер изогнутый напольный,9.0,False
2026-07-12,google,торшер керамический,2.0,False
2026-07-12,yandex,торшер керамический,2.0,False
2026-07-12,google,торшер купить в москве,42.0,False
2026-07-12,yandex,торшер купить в москве,5.0,False
2026-07-12,yandex,торшер купить москва интернет,3.0,False
2026-07-12,google,торшер купить напольный много ламп,25.0,False
2026-07-12,google,торшер латунь купить,27.0,False
2026-07-12,yandex,торшер нависающий над диваном,5.0,False
2026-07-12,yandex,торшер напольный,18.0,False
2026-07-12,yandex,торшер напольный в стиле лофт,16.0,False
2026-07-12,google,торшер напольный из хрусталя фото,22.0,False
2026-07-12,google,торшер напольный изогнутый,5.0,False
2026-07-12,yandex,торшер напольный со стеклянным плафоном ландыш,9.0,False
2026-07-12,google,торшер ретро,10.0,False
2026-07-12,yandex,торшер ретро,4.0,False
2026-07-12,google,торшер со столиком,23.0,False
2026-07-12,google,торшер столик,23.0,False
2026-07-12,yandex,торшер столик,19.0,False
2026-07-12,yandex,торшер тренога,9.0,False
2026-07-12,yandex,торшер хрустальный wildberries,5.0,False
2026-07-12,google,торшер хрустальный германия напольный купить в москве,18.0,False
2026-07-12,yandex,торшер хрустальный германия напольный купить в москве,4.0,False
2026-07-12,yandex,торшер черный,8.0,False
2026-07-12,yandex,торшеры,2.0,False
2026-07-12,google,торшеры и скрытые ленты,10.0,False
2026-07-12,yandex,торшеры кантри,2.0,False
2026-07-12,yandex,торшеры москва,2.0,False
2026-07-12,yandex,точечные светильники для натяжных,25.0,False
2026-07-12,yandex,точечные светильники для потолков,15.0,False
2026-07-12,yandex,точечный светильник белый,28.0,False
2026-07-12,yandex,точечный светильник коллекция,5.0,False
2026-07-12,yandex,точечный светильник потолочный встраиваемый,12.0,False
2026-07-12,yandex,трек уличный ip67,1.0,False
2026-07-12,google,трековая система освещения купить,20.0,False
2026-07-12,yandex,трековая система освещения купить,37.0,False
2026-07-12,google,трековая система со степенью защиты 64,9.0,False
2026-07-12,yandex,трековая система со степенью защиты 64,8.0,False
2026-07-12,google,трековое освещение в коридоре,8.0,False
2026-07-12,google,трековые светильники,37.0,False
2026-07-12,yandex,трековые светильники,23.0,False
2026-07-12,google,трековые светильники dali,8.0,False
2026-07-12,google,трековые светильники ip44,1.0,False
2026-07-12,yandex,трековые светильники ip44,12.0,False
2026-07-12,google,трековые светильники купить,25.0,False
2026-07-12,yandex,трековые светильники купить,8.0,False
2026-07-12,google,трековый maytoni,30.0,False
2026-07-12,yandex,трековый maytoni,8.0,False
2026-07-12,google,трековый светильник ip44,2.0,False
2026-07-12,yandex,трековый светильник ip44,5.0,False
2026-07-12,google,трековый светильник maytoni,28.0,False
2026-07-12,yandex,трековый светильник белый,18.0,False
2026-07-12,google,трековый светильник латунь,2.0,False
2026-07-12,yandex,трековый светильник латунь,22.0,False
2026-07-12,google,трековый светильник трехфазный,17.0,False
2026-07-12,google,трехфазная трековая система,10.0,False
2026-07-12,google,трехфазные трековые системы,4.0,False
2026-07-12,yandex,трехфазные трековые системы,17.0,False
2026-07-12,google,трехфазный светильник,16.0,False
2026-07-12,google,уличная люстра,27.0,False
2026-07-12,yandex,уличная люстра,10.0,False
2026-07-12,google,уличное освещение веранды,7.0,False
2026-07-12,yandex,уличное освещение веранды,3.0,False
2026-07-12,google,уличное освещение для загородного дома,31.0,False
2026-07-12,google,уличное освещение столбы,2.0,False
2026-07-12,yandex,уличное освещение столбы,11.0,False
2026-07-12,google,уличные led светильники,41.0,False
2026-07-12,google,уличные бра настенные для загородного дома,1.0,False
2026-07-12,yandex,уличные бра настенные для загородного дома,4.0,False
2026-07-12,google,уличные ландшафтные светильники,27.0,False
2026-07-12,yandex,уличные ландшафтные светильники,5.0,False
2026-07-12,google,уличные люстры,19.0,False
2026-07-12,yandex,уличные люстры,9.0,False
2026-07-12,google,уличные люстры для веранды,4.0,False
2026-07-12,yandex,уличные люстры для веранды,2.0,False
2026-07-12,google,уличные накладные потолочные светильники,4.0,False
2026-07-12,yandex,уличные накладные потолочные светильники,6.0,False
2026-07-12,google,уличные настенные светильники для загородного дома купить,11.0,False
2026-07-12,google,уличные подвесные светильники,10.0,False
2026-07-12,yandex,уличные подвесные светильники,4.0,False
2026-07-12,google,уличные подвесные светильники для загородного дома,1.0,False
2026-07-12,yandex,уличные подвесные светильники для загородного дома,5.0,False
2026-07-12,google,уличные подвесные светильники для террасы и веранды,2.0,False
2026-07-12,yandex,уличные подвесные светильники для террасы и веранды,5.0,False
2026-07-12,google,уличные потолочные светильники,11.0,False
2026-07-12,yandex,уличные потолочные светильники,5.0,False
2026-07-12,google,уличные потолочные светильники встраиваемые,12.0,False
2026-07-12,yandex,уличные потолочные светильники встраиваемые,9.0,False
2026-07-12,google,уличные садовые светильники,4.0,False
2026-07-12,yandex,уличные садовые светильники,14.0,False
2026-07-12,google,уличные светильники в стиле лофт,5.0,False
2026-07-12,yandex,уличные светильники в стиле лофт,7.0,False
2026-07-12,yandex,уличные светильники для загородного,5.0,False
2026-07-12,google,уличные светильники для загородного дома на стену,4.0,False
2026-07-12,yandex,уличные светильники для загородного дома на стену,2.0,False
2026-07-12,google,уличные светильники для загородного дома наземные влагозащищенные купить в москве,2.0,False
2026-07-12,yandex,уличные светильники для загородного дома наземные влагозащищенные купить в москве,7.0,False
2026-07-12,google,уличные светильники для террасы,2.0,False
2026-07-12,google,уличные светильники италия,1.0,False
2026-07-12,google,уличные светильники на столбы,9.0,False
2026-07-12,yandex,уличные светильники потолочные,5.0,False
2026-07-12,google,уличные светильники с выключателем,1.0,False
2026-07-12,google,уличные светильники столбики,7.0,False
2026-07-12,yandex,уличные светильники столбики,8.0,False
2026-07-12,google,уличные столбы освещения,7.0,False
2026-07-12,yandex,уличные столбы освещения,4.0,False
2026-07-12,google,уличные столбы освещения купить,2.0,False
2026-07-12,yandex,уличные столбы освещения купить,7.0,False
2026-07-12,yandex,уличные фонари,14.0,False
2026-07-12,yandex,уличные фонари в прихожей,1.0,False
2026-07-12,yandex,уличные фонари для загородного дома,34.0,False
2026-07-12,google,уличные фонари столбики,3.0,False
2026-07-12,yandex,уличные фонари столбики,5.0,False
2026-07-12,google,уличные фонарные столбы,9.0,False
2026-07-12,yandex,уличные фонарные столбы,12.0,False
2026-07-12,google,уличный красный светильник,7.0,False
2026-07-12,yandex,уличный красный светильник,7.0,False
2026-07-12,google,уличный ландшафтный светильник,17.0,False
2026-07-12,google,уличный наземный светильник,5.0,False
2026-07-12,yandex,уличный наземный светильник,7.0,False
2026-07-12,google,уличный подвесной светильник,9.0,False
2026-07-12,yandex,уличный подвесной светильник,9.0,False
2026-07-12,google,уличный подвесной фонарь,2.0,False
2026-07-12,yandex,уличный подвесной фонарь,3.0,False
2026-07-12,google,уличный потолочный светильник,12.0,False
2026-07-12,yandex,уличный потолочный светильник,5.0,False
2026-07-12,google,уличный потолочный светильник на террасу,2.0,False
2026-07-12,google,уличный светильник на террасу,1.0,False
2026-07-12,yandex,уличный светильник на террасу,4.0,False
2026-07-12,google,уличный светильник настенный большой,17.0,False
2026-07-12,yandex,уличный светильник настенный большой,6.0,False
2026-07-12,google,уличный светильник подвесной,3.0,False
2026-07-12,yandex,уличный светильник подвесной,6.0,False
2026-07-12,google,уличный светильник потолочный,9.0,False
2026-07-12,yandex,уличный светильник потолочный,5.0,False
2026-07-12,google,уличный светильник с датчиком,19.0,False
2026-07-12,yandex,уличный светильник с датчиком,10.0,False
2026-07-12,google,уличный светильник столб,2.0,False
2026-07-12,google,уличный светильник столбик,3.0,False
2026-07-12,yandex,уличный светильник столбик,3.0,False
2026-07-12,google,уличный столб освещения,5.0,False
2026-07-12,yandex,уличный столб освещения,8.0,False
2026-07-12,google,уличный трековая система ip65,9.0,False
2026-07-12,yandex,уличный трековая система ip65,5.0,False
2026-07-12,google,уличный фонари купить,21.0,False
2026-07-12,google,уличный фонарь купить,25.0,False
2026-07-12,google,уличный фонарь на солнечной батарее,7.0,False
2026-07-12,google,уличный фонарь на солнечных батареях,10.0,False
2026-07-12,google,уличный фонарь на столб купить,18.0,False
2026-07-12,yandex,уличный фонарь с датчиком,12.0,False
2026-07-12,yandex,уличный фонарь с датчиком движения,7.0,False
2026-07-12,google,уличный фонарь столб,5.0,False
2026-07-12,yandex,уличный фонарь столб,12.0,False
2026-07-12,google,умные трековые светильники,16.0,False
2026-07-12,google,универсальное крепление для люстры,2.0,False
2026-07-12,google,универсальный пульт для светодиодной люстры,2.0,False
2026-07-12,yandex,универсальный пульт для светодиодной люстры,9.0,False
2026-07-12,google,установка светильников,12.0,False
2026-07-12,yandex,установка светильников,21.0,False
2026-07-12,google,фонари для террасы,2.0,False
2026-07-12,yandex,фонари для террасы,3.0,False
2026-07-12,google,фонари уличные классические,7.0,False
2026-07-12,google,фонарные столбы,1.0,False
2026-07-12,yandex,фонарные столбы,4.0,False
2026-07-12,google,фонарные столбы для уличного освещения,2.0,False
2026-07-12,yandex,фонарные столбы для уличного освещения,6.0,False
2026-07-12,google,фонарные столбы купить,2.0,False
2026-07-12,yandex,фонарные столбы купить,8.0,False
2026-07-12,google,фонарные столбы уличные,13.0,False
2026-07-12,yandex,фонарные столбы уличные,4.0,False
2026-07-12,google,фонарные столбы уличные купить,4.0,False
2026-07-12,yandex,фонарные столбы уличные купить,3.0,False
2026-07-12,google,фонарный столб,2.0,False
2026-07-12,yandex,фонарный столб,4.0,False
2026-07-12,google,фонарный столб для сада,13.0,False
2026-07-12,yandex,фонарный столб для сада,9.0,False
2026-07-12,google,фонарный столб купить,2.0,False
2026-07-12,yandex,фонарный столб купить,4.0,False
2026-07-12,google,фонарный столб уличный,7.0,False
2026-07-12,yandex,фонарный столб уличный,6.0,False
2026-07-12,google,фонарный столб уличный купить,7.0,False
2026-07-12,yandex,фонарный столб уличный купить,5.0,False
2026-07-12,google,фонарный столб уличный купить в москве,2.0,False
2026-07-12,yandex,фонарный столб уличный купить в москве,8.0,False
2026-07-12,google,фонарь на столб,26.0,False
2026-07-12,google,фонарь на столб купить,6.0,False
2026-07-12,google,фонарь на столб уличный,18.0,False
2026-07-12,google,фонарь подвесной,4.0,False
2026-07-12,yandex,фонарь подвесной,4.0,False
2026-07-12,google,фонарь столб,7.0,False
2026-07-12,yandex,фонарь столб,7.0,False
2026-07-12,google,фонарь столб уличный,3.0,False
2026-07-12,yandex,фонарь столб уличный,15.0,False
2026-07-12,google,фонарь уличный на столб,17.0,False
2026-07-12,google,фонарь уличный подвесной купить,3.0,False
2026-07-12,yandex,фонарь уличный подвесной купить,8.0,False
2026-07-12,google,фонарь уличный современный,9.0,False
2026-07-12,yandex,фонарь уличный современный,3.0,False
2026-07-12,google,фонарь уличный столб,4.0,False
2026-07-12,yandex,фонарь уличный столб,23.0,False
2026-07-12,google,фрея свет,13.0,False
2026-07-12,yandex,фрея свет,28.0,False
2026-07-12,google,хорошие люстры,19.0,False
2026-07-12,yandex,хорошие люстры,17.0,False
2026-07-12,google,хочу купить люстру для гостиной хочу посмотреть,18.0,False
2026-07-12,yandex,хочу купить люстру для гостиной хочу посмотреть,2.0,False
2026-07-12,yandex,хрустальная люстра,13.0,False
2026-07-12,yandex,хрустальное бра,1.0,False
2026-07-12,google,хрустальные люстры чехия,24.0,False
2026-07-12,google,хрустальный торшер,39.0,False
2026-07-12,yandex,хрустальный торшер,2.0,False
2026-07-12,yandex,цвет арматуры люстры,1.0,False
2026-07-12,yandex,цвет люстры белый,14.0,False
2026-07-12,google,черная люстра,41.0,False
2026-07-12,yandex,черная люстра,42.0,False
2026-07-12,google,чешская люстра,25.0,False
2026-07-12,google,эгло,14.0,False
2026-07-12,yandex,эгло,30.0,False
2026-07-12,google,электрическая система для подвесной люстры,31.0,False
2026-07-12,yandex,электрическая система для подвесной люстры,6.0,False
2026-07-12,google,электролампы купить,3.0,False
2026-07-12,yandex,электролампы купить,24.0,False
2026-07-12,google,японские уличные светильники,10.0,False
2026-08-02,google,ambrella light,11.0,False
2026-08-02,google,ambrella light светильник,10.0,False
2026-08-02,google,ambrella volt,,False
2026-08-02,google,arlight,,False
2026-08-02,google,arlight ru,,False
2026-08-02,google,arlight официальный,,False
2026-08-02,google,arlight официальный сайт,,False
2026-08-02,google,arlight светильники,,False
2026-08-02,google,arlight светодиодная,33.0,False
2026-08-02,google,arte lamp,,False
2026-08-02,google,arte lamp подвесной,,False
2026-08-02,google,belfast светильники,,False
2026-08-02,google,citilux,12.0,False
2026-08-02,google,citilux smart,,False
2026-08-02,google,denkirs светильники,,False
2026-08-02,google,e14 цоколь,8.0,False
2026-08-02,google,eglo,10.0,False
2026-08-02,google,elektrostandart,,False
2026-08-02,google,eurosvet,,False
2026-08-02,google,eurosvet светильники,,False
2026-08-02,google,favourite,,False
2026-08-02,google,favourite перевод,,False
2026-08-02,google,feron светильники,,False
2026-08-02,google,freya,,False
2026-08-02,google,freya светильники,,False
2026-08-02,google,g53 светильник,,False
2026-08-02,google,g9 лампа светодиодная,25.0,False
2026-08-02,google,gx53 лампа светодиодная,,False
2026-08-02,google,led driver citilux,5.0,False
2026-08-02,google,led лампа,,False
2026-08-02,google,led светильники потолочные,,False
2026-08-02,google,lightstar,,False
2026-08-02,google,lightstar светильники,,False
2026-08-02,google,loft it светильники,,False
2026-08-02,google,lussole,,False
2026-08-02,google,lussole lsp,,False
2026-08-02,google,mantra,26.0,False
2026-08-02,google,mantra светильники,10.0,False
2026-08-02,google,maytoni,36.0,False
2026-08-02,google,maytoni gu10,23.0,False
2026-08-02,google,maytoni ru,21.0,False
2026-08-02,google,maytoni technical,,False
2026-08-02,google,maytoni официальный,34.0,False
2026-08-02,google,maytoni официальный сайт,14.0,False
2026-08-02,google,maytoni сайт,14.0,False
2026-08-02,google,newport люстры,7.0,False
2026-08-02,google,novotech,,False
2026-08-02,google,odeon light,15.0,False
2026-08-02,google,reccagni angelo,12.0,False
2026-08-02,google,rgb ленты,10.0,False
2026-08-02,google,rgbw лента,15.0,False
2026-08-02,google,smart arlight,,False
2026-08-02,google,st luce,,False
2026-08-02,google,st luce светильники,,False
2026-08-02,google,stilfort,,False
2026-08-02,google,swg светильники,,False
2026-08-02,google,абажур,,False
2026-08-02,google,абажур для люстры,1.0,False
2026-08-02,google,абажур для торшера,24.0,False
2026-08-02,google,абажур купить,2.0,False
2026-08-02,google,абажур купить в москве,6.0,False
2026-08-02,google,абажур на люстру,3.0,False
2026-08-02,google,абажур на настольную лампу,6.0,False
2026-08-02,google,абажур на светильник,4.0,False
2026-08-02,google,абажуры для бра,9.0,False
2026-08-02,google,абажуры для ламп,4.0,False
2026-08-02,google,абажуры для настольных ламп,8.0,False
2026-08-02,google,абажуры для настольных ламп отдельно,3.0,False
2026-08-02,google,абажуры для светильников,2.0,False
2026-08-02,google,аварийный светильник,,False
2026-08-02,google,авито люстры,,False
2026-08-02,google,аксессуары для люстры,1.0,False
2026-08-02,google,аксессуары для светильников,2.0,False
2026-08-02,google,американские настольные лампы,7.0,False
2026-08-02,google,арлайт,,False
2026-08-02,google,арочный торшер купить,3.0,False
2026-08-02,google,арте ламп,,False
2026-08-02,google,белые встроенные светильники,,False
2026-08-02,google,белый накладной светильник,,False
2026-08-02,google,белый свет светильники,,False
2026-08-02,google,беспроводной светильник,,False
2026-08-02,google,бестеневая лампа,,False
2026-08-02,google,блок питания для светильника,,False
2026-08-02,google,блок управления для светильника потолочного citilux,11.0,False
2026-08-02,google,большая лампа,,False
2026-08-02,google,большая люстра,,False
2026-08-02,google,большой выбор освещения в москве,15.0,False
2026-08-02,google,большой светильник,37.0,False
2026-08-02,google,бра,,False
2026-08-02,google,бра freya,,False
2026-08-02,google,бра maytoni,,False
2026-08-02,google,бра odeon,,False
2026-08-02,google,бра odeon light,,False
2026-08-02,google,бра арт деко,,False
2026-08-02,google,бра белый,,False
2026-08-02,google,бра богемия,8.0,False
2026-08-02,google,бра богемия хрусталь,,False
2026-08-02,google,бра в спальню,,False
2026-08-02,google,бра для спальни,,False
2026-08-02,google,бра для чтения,,False
2026-08-02,google,бра из ротанга,19.0,False
2026-08-02,google,бра из ткани,5.0,False
2026-08-02,google,бра кожа,,False
2026-08-02,google,бра купить москва,17.0,False
2026-08-02,google,бра москва,16.0,False
2026-08-02,google,бра муранское стекло,,False
2026-08-02,google,бра на стену,,False
2026-08-02,google,бра над кроватью,,False
2026-08-02,google,бра настенные,,False
2026-08-02,google,бра настенные современные,,False
2026-08-02,google,бра настенный со светом вверх и вниз,,False
2026-08-02,google,бра с диммером,,False
2026-08-02,google,бра стекло,26.0,False
2026-08-02,google,бра тиффани,13.0,False
2026-08-02,google,бра тканевые,7.0,False
2026-08-02,google,бра флористика,,False
2026-08-02,google,бра черное,,False
2026-08-02,google,взрывозащищенные светильники,,False
2026-08-02,google,виды люстр,3.0,False
2026-08-02,google,внутренние светильники,,False
2026-08-02,google,врезные светильники,,False
2026-08-02,google,встраиваемые лампы,,False
2026-08-02,google,встраиваемые светильники ip44,10.0,False
2026-08-02,google,встраиваемые точечные светильники,,False
2026-08-02,google,встраиваемые трековые светильники,,False
2026-08-02,google,встраиваемый led светильник,,False
2026-08-02,google,встраиваемый круглый светильник,,False
2026-08-02,google,встраиваемый светильник,,False
2026-08-02,google,встраиваемый светильник gu10,,False
2026-08-02,google,встраиваемый светильник ip65,,False
2026-08-02,google,встраиваемый светильник maytoni,,False
2026-08-02,google,встраиваемый светильник novotech,,False
2026-08-02,google,встраиваемый светильник белый,,False
2026-08-02,google,встраиваемый светильник в натяжной потолок,,False
2026-08-02,google,встраиваемый уличный светильник,16.0,False
2026-08-02,google,встроенная лампа,,False
2026-08-02,google,встроенные потолочные светильники светодиодные встраиваемые,,False
2026-08-02,google,встроенные светильники,,False
2026-08-02,google,встроенные светильники gx53,,False
2026-08-02,google,встроенные светильники ip65,,False
2026-08-02,google,встроенные светильники для натяжного потолка,,False
2026-08-02,google,встроенные светильники потолочные,,False
2026-08-02,google,встроенные светильники потолочные светодиодные,,False
2026-08-02,google,встроенные споты,,False
2026-08-02,google,встроенные трековые светильники,,False
2026-08-02,google,встроенный выключатель,3.0,False
2026-08-02,google,встроенный линейный светильник,,False
2026-08-02,google,встроенный светильник maytoni,,False
2026-08-02,google,встроенный светильник в потолок,,False
2026-08-02,google,встроенный светильник диаметр,,False
2026-08-02,google,встроенный светильник черный,,False
2026-08-02,google,встроенный светодиодный светильник led,,False
2026-08-02,google,встроенный точечный светильник,,False
2026-08-02,google,выключатель для бра,,False
2026-08-02,google,выключатель для лампы,,False
2026-08-02,google,выключатель для светильника,,False
2026-08-02,google,выключатель света,13.0,False
2026-08-02,google,высокие светильники,,False
2026-08-02,google,галогеновые лампы,,False
2026-08-02,google,где купить лампу,2.0,False
2026-08-02,google,где купить люстру,3.0,False
2026-08-02,google,гибкая трековая система,4.0,False
2026-08-02,google,гибкий светильник,,False
2026-08-02,google,гибкий шинопровод,,False
2026-08-02,google,гипсовые бра,26.0,False
2026-08-02,google,гипсовые светильники,,False
2026-08-02,google,двойной светильник,,False
2026-08-02,google,декоративные лампы,,False
2026-08-02,google,декоративные светильники,,False
2026-08-02,google,декоративные фонарные столбы,1.0,False
2026-08-02,google,декоративный фонарный столб,1.0,False
2026-08-02,google,деревянная люстра,,False
2026-08-02,google,деревянные светильники,12.0,False
2026-08-02,google,держатель для люстры,2.0,False
2026-08-02,google,детский светильник,,False
2026-08-02,google,дизайнерские люстры,,False
2026-08-02,google,дизайнерские светильники,,False
2026-08-02,google,диммируемая лампа,5.0,False
2026-08-02,google,диммируемые светодиодные лампы,31.0,False
2026-08-02,google,диодная лампа,42.0,False
2026-08-02,google,диодная люстра,,False
2026-08-02,google,диодный светильник,,False
2026-08-02,google,длинная люстра,44.0,False
2026-08-02,google,длинные лампы,,False
2026-08-02,google,длинные люстры,42.0,False
2026-08-02,google,длинные светильники,,False
2026-08-02,google,домашнее настенные светильники,,False
2026-08-02,google,драйвер для светильника,,False
2026-08-02,google,евросвет,,False
2026-08-02,google,заказать люстру,2.0,False
2026-08-02,google,заказать спот,13.0,False
2026-08-02,google,закладная под люстру,,False
2026-08-02,google,зеленая лампа,,False
2026-08-02,google,зеленая люстра,,False
2026-08-02,google,зеленая настольная лампа,,False
2026-08-02,google,золотая люстра,,False
2026-08-02,google,золотой светильник,16.0,False
2026-08-02,google,интернет магазин люстр,6.0,False
2026-08-02,google,интернет магазин освещения,9.0,False
2026-08-02,google,интернет магазин света,8.0,False
2026-08-02,google,интернет магазин светильников,9.0,False
2026-08-02,google,интернет магазин светильников и люстр,11.0,False
2026-08-02,google,интернет-магазин света,8.0,False
2026-08-02,google,интернет-магазин светильников,9.0,False
2026-08-02,google,испанские светильники,,False
2026-08-02,google,итальянские люстры,,False
2026-08-02,google,итальянские люстры reccagni angelo,15.0,False
2026-08-02,google,как повесить люстру,,False
2026-08-02,google,каталог люстр,6.0,False
2026-08-02,google,каталог светильников,6.0,False
2026-08-02,google,квадратная люстра,,False
2026-08-02,google,керамическая настольная лампа,8.0,False
2026-08-02,google,керамические настольные лампы,9.0,False
2026-08-02,google,китайские светильники,,False
2026-08-02,google,классическая настольная лампа,3.0,False
2026-08-02,google,классические люстры,22.0,False
2026-08-02,google,классические настольные лампы,6.0,False
2026-08-02,google,кнопка дверного звонка,8.0,False
2026-08-02,google,кнопка для дверного звонка,8.0,False
2026-08-02,google,коллекции потолочных светильников,38.0,False
2026-08-02,google,кольцевая лампа,,False
2026-08-02,google,комплект светильников,12.0,False
2026-08-02,google,комплектующие для светильников,2.0,False
2026-08-02,google,консольный светильник,,False
2026-08-02,google,консольный светодиодный светильник,,False
2026-08-02,google,контрольная лампа,,False
2026-08-02,google,красивые люстры,17.0,False
2026-08-02,google,красивые люстры для гостиной,32.0,False
2026-08-02,google,красная лампа,,False
2026-08-02,google,красная люстра,,False
2026-08-02,google,крепление для светильника,1.0,False
2026-08-02,google,кристаллюкс,5.0,False
2026-08-02,google,круглая лампа,,False
2026-08-02,google,круглая люстра,15.0,False
2026-08-02,google,круглый светодиодный светильник,,False
2026-08-02,google,купить rgb ленту,4.0,False
2026-08-02,google,купить абажур для настольной лампы,9.0,False
2026-08-02,google,купить бра,,False
2026-08-02,google,купить бра на стену,,False
2026-08-02,google,купить бра настенные,,False
2026-08-02,google,купить встроенный светильник,,False
2026-08-02,google,купить выключатель света,10.0,False
2026-08-02,google,купить диодную лампу,21.0,False
2026-08-02,google,купить запчасти для люстры,7.0,False
2026-08-02,google,купить качественную люстру,6.0,False
2026-08-02,google,купить классическую люстру в гостиную,27.0,False
2026-08-02,google,купить классическую настольную лампу,5.0,False
2026-08-02,google,купить кнопку дверного звонка,2.0,False
2026-08-02,google,купить красивую люстру,5.0,False
2026-08-02,google,купить лампу москва,6.0,False
2026-08-02,google,купить люстру,5.0,False
2026-08-02,google,купить люстру в гостиную,9.0,False
2026-08-02,google,купить люстру в зал,24.0,False
2026-08-02,google,купить люстру в интернет магазине,7.0,False
2026-08-02,google,купить люстру в комнату,6.0,False
2026-08-02,google,купить люстру в москве,,False
2026-08-02,google,купить люстру в москве в магазине,2.0,False
2026-08-02,google,купить люстру в москве интернет магазин,1.0,False
2026-08-02,google,купить люстру в прихожую,,False
2026-08-02,google,купить люстру в спальню,8.0,False
2026-08-02,google,купить люстру в спальню в москве,6.0,False
2026-08-02,google,купить люстру для кухни в москве,15.0,False
2026-08-02,google,купить люстру для прихожей для большого крючка,34.0,False
2026-08-02,google,купить люстру для спальни,20.0,False
2026-08-02,google,купить люстру из цветного стекла,4.0,False
2026-08-02,google,купить люстру магазин,4.0,False
2026-08-02,google,купить люстру москва,8.0,False
2026-08-02,google,купить люстру на крючке,4.0,False
2026-08-02,google,купить люстру на кухню,,False
2026-08-02,google,купить люстру недорого,8.0,False
2026-08-02,google,купить люстру онлайн,10.0,False
2026-08-02,google,купить люстру подвесную,12.0,False
2026-08-02,google,купить люстру потолочную,12.0,False
2026-08-02,google,купить люстру потолочную в москве,3.0,False
2026-08-02,google,купить люстру потолочную в москве недорого,7.0,False
2026-08-02,google,купить люстру с установкой,2.0,False
2026-08-02,google,купить люстру стекло,2.0,False
2026-08-02,google,купить настенную люстру в москве,,False
2026-08-02,google,купить настенный светильник,,False
2026-08-02,google,купить настольную лампу,,False
2026-08-02,google,купить настольную лампу в стиле ретро,11.0,False
2026-08-02,google,купить настольную лампу на прищепке,2.0,False
2026-08-02,google,купить плафон,8.0,False
2026-08-02,google,купить плафоны для люстр,5.0,False
2026-08-02,google,купить плафоны для люстры отдельно,6.0,False
2026-08-02,google,купить подвесной светильник,,False
2026-08-02,google,купить подвесную люстру в гостиную,7.0,False
2026-08-02,google,купить подвесную люстру в москве,3.0,False
2026-08-02,google,купить потолочный светильник,,False
2026-08-02,google,купить проходной выключатель,15.0,False
2026-08-02,google,купить светильник на солнечной батарее,,False
2026-08-02,google,купить светильник светодиодный потолочный,22.0,False
2026-08-02,google,купить светильники в москве,7.0,False
2026-08-02,google,купить светодиодную лампу,30.0,False
2026-08-02,google,купить светодиодную люстру,39.0,False
2026-08-02,google,купить светодиодные лампы,14.0,False
2026-08-02,google,купить светодиодный светильник,31.0,False
2026-08-02,google,купить современную люстру,18.0,False
2026-08-02,google,купить солнечный светильник,,False
2026-08-02,google,купить столб освещения,25.0,False
2026-08-02,google,купить торшер,,False
2026-08-02,google,купить торшер напольный,,False
2026-08-02,google,купить торшер с доставкой,,False
2026-08-02,google,купить точечные светильники,,False
2026-08-02,google,купить точечные светильники потолочные,,False
2026-08-02,google,купить уличный потолочный светильник на открытую террасу,2.0,False
2026-08-02,google,купить уличный светильник,,False
2026-08-02,google,купить уличный фонарь,21.0,False
2026-08-02,google,купить фонарь на столб,7.0,False
2026-08-02,google,купить хрустальный торшер германия,,False
2026-08-02,google,куплю люстру,3.0,False
2026-08-02,google,кутек,11.0,False
2026-08-02,google,кутек люстры,7.0,False
2026-08-02,google,кухонные светильники,29.0,False
2026-08-02,google,лавовая лампа,,False
2026-08-02,google,лайтстар,,False
2026-08-02,google,лампа,29.0,False
2026-08-02,google,лампа 12 вольт,9.0,False
2026-08-02,google,лампа 12v,3.0,False
2026-08-02,google,лампа e14,4.0,False
2026-08-02,google,лампа gu10,,False
2026-08-02,google,лампа mr16,,False
2026-08-02,google,лампа бра,,False
2026-08-02,google,лампа в ванную,,False
2026-08-02,google,лампа в комнату,,False
2026-08-02,google,лампа вентилятор,,False
2026-08-02,google,лампа для кухни,,False
2026-08-02,google,лампа для растений,,False
2026-08-02,google,лампа для стола,,False
2026-08-02,google,лампа для террасы,3.0,False
2026-08-02,google,лампа е 27,2.0,False
2026-08-02,google,лампа е14,9.0,False
2026-08-02,google,лампа купить,2.0,False
2026-08-02,google,лампа лупа,,False
2026-08-02,google,лампа на кухню,,False
2026-08-02,google,лампа на прищепке,,False
2026-08-02,google,лампа на прищепке купить,1.0,False
2026-08-02,google,лампа настольная белая,,False
2026-08-02,google,лампа настольная деревянная,2.0,False
2026-08-02,google,лампа настольная на прищепке,3.0,False
2026-08-02,google,лампа настольная с креплением к столу,8.0,False
2026-08-02,google,лампа настольная светодиодная,,False
2026-08-02,google,лампа настольная ссср,,False
2026-08-02,google,лампа обычная,25.0,False
2026-08-02,google,лампа онлайн,,False
2026-08-02,google,лампа освещения,4.0,False
2026-08-02,google,лампа подсветки,4.0,False
2026-08-02,google,лампа потолочная,,False
2026-08-02,google,лампа с абажуром,,False
2026-08-02,google,лампа с креплением к столу,3.0,False
2026-08-02,google,лампа светильник,,False
2026-08-02,google,лампа светодиодная e27,2.0,False
2026-08-02,google,лампа светодиодная gu10,,False
2026-08-02,google,лампа светодиодная е14,8.0,False
2026-08-02,google,лампа светодиодная е27,8.0,False
2026-08-02,google,лампа спот,38.0,False
2026-08-02,google,лампа ссср,,False
2026-08-02,google,лампа теплый свет,4.0,False
2026-08-02,google,лампа торшер,,False
2026-08-02,google,лампа шар,,False
2026-08-02,google,лампочка для светильника,7.0,False
2026-08-02,google,лампочки для люстры,14.0,False
2026-08-02,google,лампу купить,2.0,False
2026-08-02,google,лампы,22.0,False
2026-08-02,google,лампы led,34.0,False
2026-08-02,google,лампы для люстры,14.0,False
2026-08-02,google,лампы для натяжных потолков,,False
2026-08-02,google,лампы для помещения,17.0,False
2026-08-02,google,лампы купить,1.0,False
2026-08-02,google,лампы на балкон,2.0,False
2026-08-02,google,лампы на потолок,,False
2026-08-02,google,лампы освещения,8.0,False
2026-08-02,google,лампы светодиодные потолочные,23.0,False
2026-08-02,google,лампы теплого света,1.0,False
2026-08-02,google,ландшафтное освещение,,False
2026-08-02,google,ландшафтные светильники,20.0,False
2026-08-02,google,ландшафтные светильники столбики,2.0,False
2026-08-02,google,ландшафтный свет,,False
2026-08-02,google,лед лампа,,False
2026-08-02,google,лед светильники,,False
2026-08-02,google,лемана люстры,,False
2026-08-02,google,лемана светильники,,False
2026-08-02,google,лента arlight,19.0,False
2026-08-02,google,лента arlight 24v,,False
2026-08-02,google,лента rgb,7.0,False
2026-08-02,google,лента ргб,5.0,False
2026-08-02,google,лента светодиодная arlight 24v,,False
2026-08-02,google,леруа светильники,,False
2026-08-02,google,линейные светильники купить,,False
2026-08-02,google,линейный встраиваемый светильник,,False
2026-08-02,google,линейный светильник,,False
2026-08-02,google,линейный светильник ip65,,False
2026-08-02,google,линейный светодиодный светильник,,False
2026-08-02,google,линейный трековый светильник,,False
2026-08-02,google,лифт подъемник для люстры,,False
2026-08-02,google,лофт ит,,False
2026-08-02,google,лучшие светильники,,False
2026-08-02,google,лучшие светодиодные лампы,,False
2026-08-02,google,люссоль,,False
2026-08-02,google,люстра,,False
2026-08-02,google,люстра arte,,False
2026-08-02,google,люстра arte lamp,,False
2026-08-02,google,люстра citilux,,False
2026-08-02,google,люстра e27,39.0,False
2026-08-02,google,люстра escada,17.0,False
2026-08-02,google,люстра eurosvet,,False
2026-08-02,google,люстра freya,,False
2026-08-02,google,люстра led,,False
2026-08-02,google,люстра lumion,,False
2026-08-02,google,люстра mantra,4.0,False
2026-08-02,google,люстра maytoni,,False
2026-08-02,google,люстра modelux,,False
2026-08-02,google,люстра mw light,,False
2026-08-02,google,люстра odeon,20.0,False
2026-08-02,google,люстра odeon light,20.0,False
2026-08-02,google,люстра omnilux,,False
2026-08-02,google,люстра rivoli,,False
2026-08-02,google,люстра velante,12.0,False
2026-08-02,google,люстра vitaluce,,False
2026-08-02,google,люстра абажур,25.0,False
2026-08-02,google,люстра арт деко,10.0,False
2026-08-02,google,люстра бар,,False
2026-08-02,google,люстра белая,30.0,False
2026-08-02,google,люстра белая потолочная,,False
2026-08-02,google,люстра большая светлая,28.0,False
2026-08-02,google,люстра бра,,False
2026-08-02,google,люстра бронза,,False
2026-08-02,google,люстра в ванную,10.0,False
2026-08-02,google,люстра в восточном стиле,9.0,False
2026-08-02,google,люстра в гостиную,20.0,False
2026-08-02,google,люстра в гостиную в современном стиле,,False
2026-08-02,google,люстра в гостиную в современном стиле купить,,False
2026-08-02,google,люстра в гостиную купить,13.0,False
2026-08-02,google,люстра в детскую,,False
2026-08-02,google,люстра в зал,35.0,False
2026-08-02,google,люстра в кабинет,16.0,False
2026-08-02,google,люстра в квартиру,3.0,False
2026-08-02,google,люстра в квартиру а спальне,,False
2026-08-02,google,люстра в комнату,9.0,False
2026-08-02,google,люстра в комнату купить,7.0,False
2026-08-02,google,люстра в коридор,,False
2026-08-02,google,люстра в мужскую спальню,,False
2026-08-02,google,люстра в прихожую,29.0,False
2026-08-02,google,люстра в современном стиле,,False
2026-08-02,google,люстра в спальню,33.0,False
2026-08-02,google,люстра в спальню купить,11.0,False
2026-08-02,google,люстра в спальню потолочная,,False
2026-08-02,google,люстра в стиле арт деко купить,8.0,False
2026-08-02,google,люстра в стиле кантри,23.0,False
2026-08-02,google,люстра в стиле прованс,,False
2026-08-02,google,люстра вентилятор,29.0,False
2026-08-02,google,люстра вентилятор потолочный,,False
2026-08-02,google,люстра для гостиной,,False
2026-08-02,google,люстра для дачи,2.0,False
2026-08-02,google,люстра для комнаты,9.0,False
2026-08-02,google,люстра для кухни,,False
2026-08-02,google,люстра для прихожей высокой,,False
2026-08-02,google,люстра для спальни,28.0,False
2026-08-02,google,люстра для спальни купить,13.0,False
2026-08-02,google,люстра для спальни потолочная в современном стиле,,False
2026-08-02,google,люстра е14,,False
2026-08-02,google,люстра е27,49.0,False
2026-08-02,google,люстра жаклин,17.0,False
2026-08-02,google,люстра золото,38.0,False
2026-08-02,google,люстра из дерева,,False
2026-08-02,google,люстра из ротанга,13.0,False
2026-08-02,google,люстра из ротанга купить,9.0,False
2026-08-02,google,люстра из цветного стекла,11.0,False
2026-08-02,google,люстра интернет магазин,6.0,False
2026-08-02,google,люстра италия,,False
2026-08-02,google,люстра каскадная,,False
2026-08-02,google,люстра классика,23.0,False
2026-08-02,google,люстра кокон,3.0,False
2026-08-02,google,люстра кольца,,False
2026-08-02,google,люстра крепление на крюк,4.0,False
2026-08-02,google,люстра круглая потолочная,10.0,False
2026-08-02,google,люстра купить,4.0,False
2026-08-02,google,люстра купить в москве,9.0,False
2026-08-02,google,люстра купить интернет магазин,8.0,False
2026-08-02,google,люстра купить москва,11.0,False
2026-08-02,google,люстра латунь,,False
2026-08-02,google,люстра лента,,False
2026-08-02,google,люстра лофт,,False
2026-08-02,google,люстра магазин,6.0,False
2026-08-02,google,люстра москва,10.0,False
2026-08-02,google,люстра на балкон,2.0,False
2026-08-02,google,люстра на веранду,15.0,False
2026-08-02,google,люстра на дачу,5.0,False
2026-08-02,google,люстра на дом,9.0,False
2026-08-02,google,люстра на крюк,3.0,False
2026-08-02,google,люстра на крюке,4.0,False
2026-08-02,google,люстра на крюке купить,3.0,False
2026-08-02,google,люстра на крючке,8.0,False
2026-08-02,google,люстра на кухню,,False
2026-08-02,google,люстра на кухню потолочная,,False
2026-08-02,google,люстра на натяжной потолок,,False
2026-08-02,google,люстра на потолок,16.0,False
2026-08-02,google,люстра на террасу,7.0,False
2026-08-02,google,люстра на штанге,,False
2026-08-02,google,люстра над столом,,False
2026-08-02,google,люстра не террасу деревянный дом,,False
2026-08-02,google,люстра нежность,2.0,False
2026-08-02,google,люстра парус,5.0,False
2026-08-02,google,люстра паук,,False
2026-08-02,google,люстра под крюк,7.0,False
2026-08-02,google,люстра под потолок,18.0,False
2026-08-02,google,люстра подвесная,10.0,False
2026-08-02,google,люстра подвесная купить,10.0,False
2026-08-02,google,люстра подвесная на крюк,2.0,False
2026-08-02,google,люстра подвесная светодиодная,,False
2026-08-02,google,люстра потолочная,6.0,False
2026-08-02,google,люстра потолочная в гостиную,22.0,False
2026-08-02,google,люстра потолочная дизайнерская,,False
2026-08-02,google,люстра потолочная классическая,18.0,False
2026-08-02,google,люстра потолочная крепление на крюк,8.0,False
2026-08-02,google,люстра потолочная купить,8.0,False
2026-08-02,google,люстра потолочная купить в москве,3.0,False
2026-08-02,google,люстра потолочная лофт,,False
2026-08-02,google,люстра потолочная на дачу,5.0,False
2026-08-02,google,люстра потолочная на крюк,4.0,False
2026-08-02,google,люстра потолочная плоская,11.0,False
2026-08-02,google,люстра потолочная подвесная,36.0,False
2026-08-02,google,люстра потолочная с пультом,,False
2026-08-02,google,люстра потолочная светодиодная с пультом,,False
2026-08-02,google,люстра потолочная стекло,2.0,False
2026-08-02,google,люстра потолочная флористика,8.0,False
2026-08-02,google,люстра прованс,,False
2026-08-02,google,люстра прямоугольная потолочная,11.0,False
2026-08-02,google,люстра с абажуром,,False
2026-08-02,google,люстра с абажуром из ткани,13.0,False
2026-08-02,google,люстра с алисой,,False
2026-08-02,google,люстра с вентилятором,,False
2026-08-02,google,люстра с креплением на крюк,2.0,False
2026-08-02,google,люстра с плафонами,,False
2026-08-02,google,люстра с пультом управления,,False
2026-08-02,google,люстра самолет,,False
2026-08-02,google,люстра светильник потолочный,14.0,False
2026-08-02,google,люстра светодиодная потолочная,,False
2026-08-02,google,люстра светодиодная потолочная купить,,False
2026-08-02,google,люстра свечи,,False
2026-08-02,google,люстра современная купить,10.0,False
2026-08-02,google,люстра ссср,,False
2026-08-02,google,люстра стекло,,False
2026-08-02,google,люстра стеклянная,7.0,False
2026-08-02,google,люстра таблетка,3.0,False
2026-08-02,google,люстра таблетка потолочная купить,2.0,False
2026-08-02,google,люстра тиффани,11.0,False
2026-08-02,google,люстра тиффани купить,4.0,False
2026-08-02,google,люстра фонарь,19.0,False
2026-08-02,google,люстра хром,44.0,False
2026-08-02,google,люстра хрустальная потолочная,,False
2026-08-02,google,люстра цветное стекло,12.0,False
2026-08-02,google,люстра цветок,,False
2026-08-02,google,люстра цена,4.0,False
2026-08-02,google,люстра черная потолочная,,False
2026-08-02,google,люстра шар,,False
2026-08-02,google,люстры,7.0,False
2026-08-02,google,люстры 2026,,False
2026-08-02,google,люстры eglo,14.0,False
2026-08-02,google,люстры freya каталог,,False
2026-08-02,google,люстры арт деко,11.0,False
2026-08-02,google,люстры в восточном стиле купить,12.0,False
2026-08-02,google,люстры в дом,6.0,False
2026-08-02,google,люстры в интерьере,,False
2026-08-02,google,люстры в квартиру,6.0,False
2026-08-02,google,люстры в комнату,6.0,False
2026-08-02,google,люстры в москве,8.0,False
2026-08-02,google,люстры в современном интерьере,,False
2026-08-02,google,люстры в спальню 2026,31.0,False
2026-08-02,google,люстры в стиле арт деко,13.0,False
2026-08-02,google,люстры в стиле тиффани,11.0,False
2026-08-02,google,люстры гусь,,False
2026-08-02,google,люстры гусь хрустальный,,False
2026-08-02,google,люстры дешево,7.0,False
2026-08-02,google,люстры для дачи,3.0,False
2026-08-02,google,люстры для дома,4.0,False
2026-08-02,google,люстры для квартиры,3.0,False
2026-08-02,google,люстры для комнаты,7.0,False
2026-08-02,google,люстры для кухни 2026,2.0,False
2026-08-02,google,люстры для натяжных потолков,,False
2026-08-02,google,люстры для спальни,36.0,False
2026-08-02,google,люстры и потолочные светильники купить,18.0,False
2026-08-02,google,люстры и светильники купить,7.0,False
2026-08-02,google,люстры из цветного стекла,10.0,False
2026-08-02,google,люстры интернет магазин,8.0,False
2026-08-02,google,люстры италия распродажа,9.0,False
2026-08-02,google,люстры каталог,5.0,False
2026-08-02,google,люстры купить,4.0,False
2026-08-02,google,люстры купить в москве,2.0,False
2026-08-02,google,люстры купить в москве интернет,3.0,False
2026-08-02,google,люстры купить москва,8.0,False
2026-08-02,google,люстры купить онлайн,7.0,False
2026-08-02,google,люстры лампы потолочные,11.0,False
2026-08-02,google,люстры люкс,15.0,False
2026-08-02,google,люстры модерн,,False
2026-08-02,google,люстры москва,11.0,False
2026-08-02,google,люстры на крюк,1.0,False
2026-08-02,google,люстры на крюке,3.0,False
2026-08-02,google,люстры на крючке,2.0,False
2026-08-02,google,люстры на кухню 2026,5.0,False
2026-08-02,google,люстры официальный сайт,15.0,False
2026-08-02,google,люстры под натяжной потолок,,False
2026-08-02,google,люстры подвесные,15.0,False
2026-08-02,google,люстры подвесные на крюк для кухни,2.0,False
2026-08-02,google,люстры потолочные,,False
2026-08-02,google,люстры потолочные для спальни в современном стиле,,False
2026-08-02,google,люстры потолочные купить,9.0,False
2026-08-02,google,люстры потолочные купить в москве,8.0,False
2026-08-02,google,люстры потолочные москва,9.0,False
2026-08-02,google,люстры потолочные недорого,,False
2026-08-02,google,люстры потолочные плоские,13.0,False
2026-08-02,google,люстры распродажа,1.0,False
2026-08-02,google,люстры распродажа остатков,1.0,False
2026-08-02,google,люстры с креплением на крюк,2.0,False
2026-08-02,google,люстры с тканевыми абажурами,9.0,False
2026-08-02,google,люстры светильники,4.0,False
2026-08-02,google,люстры светильники купить,2.0,False
2026-08-02,google,люстры ситилюкс каталог,18.0,False
2026-08-02,google,люстры современные купить в москве,2.0,False
2026-08-02,google,люстры стекло,6.0,False
2026-08-02,google,люстры таблетки,3.0,False
2026-08-02,google,люстры тиффани,11.0,False
2026-08-02,google,люстры тиффани купить,10.0,False
2026-08-02,google,люстры фото,42.0,False
2026-08-02,google,люстры цены,7.0,False
2026-08-02,google,люстры чехия,17.0,False
2026-08-02,google,магазин гирлянд,2.0,False
2026-08-02,google,магазин ламп,,False
2026-08-02,google,магазин лампочек,3.0,False
2026-08-02,google,магазин люстр,4.0,False
2026-08-02,google,магазин люстр в москве,4.0,False
2026-08-02,google,магазин люстр и светильников,9.0,False
2026-08-02,google,магазин люстр москва,2.0,False
2026-08-02,google,магазин люстры,2.0,False
2026-08-02,google,магазин люстры в москве,9.0,False
2026-08-02,google,магазин люстры москва,,False
2026-08-02,google,магазин осветительных приборов,11.0,False
2026-08-02,google,магазин освещения,8.0,False
2026-08-02,google,магазин освещения москва,8.0,False
2026-08-02,google,магазин свет,18.0,False
2026-08-02,google,магазин света,,False
2026-08-02,google,магазин света москва,12.0,False
2026-08-02,google,магазин светильников,,False
2026-08-02,google,магазин светильников в москве,5.0,False
2026-08-02,google,магазин светодиодных ламп,13.0,False
2026-08-02,google,магазин торшеров в москве,,False
2026-08-02,google,магазин уличных фонарей,21.0,False
2026-08-02,google,магнитные трековые системы,,False
2026-08-02,google,магнитный светильник,43.0,False
2026-08-02,google,магнитный трековый светильник,,False
2026-08-02,google,майтони,18.0,False
2026-08-02,google,майтони люстры,20.0,False
2026-08-02,google,маленькая люстра,28.0,False
2026-08-02,google,маленький светильник,,False
2026-08-02,google,мантра светильники,11.0,False
2026-08-02,google,мебельный светильник,23.0,False
2026-08-02,google,металлические торшеры,,False
2026-08-02,google,мини лампа,,False
2026-08-02,google,модные люстры на кухню 2026,4.0,False
2026-08-02,google,модные потолочные светильники 2026,2.0,False
2026-08-02,google,монтаж светильников,,False
2026-08-02,google,мощная лампа,,False
2026-08-02,google,мощность ламп,,False
2026-08-02,google,мощность светильника,,False
2026-08-02,google,мощность светодиодного светильника,,False
2026-08-02,google,мощность светодиодных ламп,,False
2026-08-02,google,накладка на потолок под люстру,3.0,False
2026-08-02,google,накладной светильник ip65,,False
2026-08-02,google,накладной точечный светильник,,False
2026-08-02,google,накладные светильники,26.0,False
2026-08-02,google,накладные споты,,False
2026-08-02,google,напольная лампа,,False
2026-08-02,google,напольные светильники,,False
2026-08-02,google,наружное освещение,,False
2026-08-02,google,настенная лампа,,False
2026-08-02,google,настенно потолочные светильники,25.0,False
2026-08-02,google,настенные бра в современном стиле,,False
2026-08-02,google,настенные лампы светильники,,False
2026-08-02,google,настенный светильник led,,False
2026-08-02,google,настенный светильник maytoni,,False
2026-08-02,google,настенный светильник odeon,,False
2026-08-02,google,настенный светильник odeon light,,False
2026-08-02,google,настенный светильник в ванную,14.0,False
2026-08-02,google,настенный светильник для лестницы,9.0,False
2026-08-02,google,настенный светильник купить в москве,,False
2026-08-02,google,настенный светильник с выключателем,,False
2026-08-02,google,настенный светильник черный,,False
2026-08-02,google,настенный уличный светильник большой формы,,False
2026-08-02,google,настольная лампа,,False
2026-08-02,google,настольная лампа led,,False
2026-08-02,google,настольная лампа в классическом стиле,5.0,False
2026-08-02,google,настольная лампа в морском стиле,15.0,False
2026-08-02,google,настольная лампа для рабочего стола,,False
2026-08-02,google,настольная лампа красная,,False
2026-08-02,google,настольная лампа одеон лайт,,False
2026-08-02,google,настольная лампа ретро,8.0,False
2026-08-02,google,настольная лампа с абажуром,,False
2026-08-02,google,настольная лампа с керамическим основанием,5.0,False
2026-08-02,google,настольная лампа стекло,14.0,False
2026-08-02,google,настольная лампа флористика,,False
2026-08-02,google,настольная лампа чехия,7.0,False
2026-08-02,google,настольные лампы в стиле ретро,13.0,False
2026-08-02,google,настольные лампы для рабочего стола,,False
2026-08-02,google,настольные лампы и светильники,,False
2026-08-02,google,настольные лампы из дерева,2.0,False
2026-08-02,google,настольные лампы москва,,False
2026-08-02,google,натяжная лампа,,False
2026-08-02,google,натяжная люстра,,False
2026-08-02,google,недорогие люстры,10.0,False
2026-08-02,google,нейтральная лампа,,False
2026-08-02,google,немецкие люстры,,False
2026-08-02,google,неоновая лампа,,False
2026-08-02,google,ночная подсветка коридора,,False
2026-08-02,google,ночники,12.0,False
2026-08-02,google,ньюпорт светильники,5.0,False
2026-08-02,google,одеон лайт,12.0,False
2026-08-02,google,одеон цены,,False
2026-08-02,google,однофазные трековые светильники,36.0,False
2026-08-02,google,освещение в квартире 2026,3.0,False
2026-08-02,google,освещение в спальне,46.0,False
2026-08-02,google,освещение в спальне с натяжными потолками,,False
2026-08-02,google,освещение для спальни,36.0,False
2026-08-02,google,освещение купить,14.0,False
2026-08-02,google,освещение люстры,6.0,False
2026-08-02,google,освещение на веранде,,False
2026-08-02,google,освещение на кухне 2026,1.0,False
2026-08-02,google,освещение на уличной веранде,11.0,False
2026-08-02,google,освещение сайт,8.0,False
2026-08-02,google,офисные светильники,20.0,False
2026-08-02,google,парковые светильники,,False
2026-08-02,google,планка для люстры,6.0,False
2026-08-02,google,плафон,12.0,False
2026-08-02,google,плафон для лампы,15.0,False
2026-08-02,google,плафон на люстру st luce круглый,25.0,False
2026-08-02,google,плафон освещения,,False
2026-08-02,google,плафон освещения потолочный,,False
2026-08-02,google,плафон светильника,,False
2026-08-02,google,плафоны для бра,8.0,False
2026-08-02,google,плафоны для люстр,9.0,False
2026-08-02,google,плафоны для люстры купить,7.0,False
2026-08-02,google,плафоны для люстры купить отдельно в москве,5.0,False
2026-08-02,google,плафоны для светильников,8.0,False
2026-08-02,google,плоская люстра,11.0,False
2026-08-02,google,поворотный светильник,,False
2026-08-02,google,под потолочный светильник,,False
2026-08-02,google,подвес для светильника,4.0,False
2026-08-02,google,подвески для люстры,,False
2026-08-02,google,подвесная лампа,,False
2026-08-02,google,подвесное крепление люстры,1.0,False
2026-08-02,google,подвесной led светильник,38.0,False
2026-08-02,google,подвесной линейный светильник,,False
2026-08-02,google,подвесной светильник,,False
2026-08-02,google,подвесной светильник 4000к,,False
2026-08-02,google,подвесной светильник maytoni,,False
2026-08-02,google,подвесной светильник белый,,False
2026-08-02,google,подвесной светильник для кухни,21.0,False
2026-08-02,google,подвесной светильник из ротанга,3.0,False
2026-08-02,google,подвесной светильник над столом,,False
2026-08-02,google,подвесной светильник черный,,False
2026-08-02,google,подвесной светодиодный светильник,40.0,False
2026-08-02,google,подключение люстры,,False
2026-08-02,google,подрозетник maytoni,,False
2026-08-02,google,подсветка в ванной,,False
2026-08-02,google,подсветка дома снаружи,,False
2026-08-02,google,подсветка кухонного гарнитура,,False
2026-08-02,google,подсветка лестницы на ступенях,,False
2026-08-02,google,подсветка потолка,,False
2026-08-02,google,подсветка стены,,False
2026-08-02,google,подъемник для люстры,,False
2026-08-02,google,польские люстры,6.0,False
2026-08-02,google,потолочная люстра в виде палочек,9.0,False
2026-08-02,google,потолочное крепление для люстры,3.0,False
2026-08-02,google,потолочные светильники 2026,11.0,False
2026-08-02,google,потолочные светильники встраиваемые для гипсокартона купить,,False
2026-08-02,google,потолочные светильники для натяжных,,False
2026-08-02,google,потолочные светильники для натяжных потолков,,False
2026-08-02,google,потолочные светильники для террасы,4.0,False
2026-08-02,google,потолочный светильник gx53,,False
2026-08-02,google,потолочный светильник maytoni,19.0,False
2026-08-02,google,потолочный светильник белый,,False
2026-08-02,google,потолочный светильник в ванную,,False
2026-08-02,google,потолочный светильник в комнату,,False
2026-08-02,google,потолочный светильник для ванной комнаты,,False
2026-08-02,google,потолочный светильник купить в москве,29.0,False
2026-08-02,google,потолочный светильник на балкон,1.0,False
2026-08-02,google,потолочный светильник тарелка металл,,False
2026-08-02,google,почему светодиодные лампы,,False
2026-08-02,google,прикроватная лампа,,False
2026-08-02,google,прикроватные светильники,,False
2026-08-02,google,провод для светильника,,False
2026-08-02,google,прожектор,,False
2026-08-02,google,производители светодиодных лент,12.0,False
2026-08-02,google,профиль arlight,,False
2026-08-02,google,профиль arlight алюминий,,False
2026-08-02,google,профиль для подсветки ступеней,,False
2026-08-02,google,прямоугольные светильники,,False
2026-08-02,google,пульт для лампы,3.0,False
2026-08-02,google,пульт для люстры,5.0,False
2026-08-02,google,пульт для потолочного светильника,3.0,False
2026-08-02,google,пульт для светильника,4.0,False
2026-08-02,google,пульт для светодиодной люстры,2.0,False
2026-08-02,google,пульт ду для люстры,2.0,False
2026-08-02,google,пульт от лампы,2.0,False
2026-08-02,google,пульт от люстры,2.0,False
2026-08-02,google,распродажа люстр,1.0,False
2026-08-02,google,реечный светильник,,False
2026-08-02,google,ретро лампы,21.0,False
2026-08-02,google,ретро люстра,,False
2026-08-02,google,ретро светильники,,False
2026-08-02,google,рожки люстры,,False
2026-08-02,google,рожковая люстра,,False
2026-08-02,google,российские светильники,1.0,False
2026-08-02,google,ротанговые светильники,1.0,False
2026-08-02,google,садовое освещение,4.0,False
2026-08-02,google,садовые светильники купить,3.0,False
2026-08-02,google,садовые светильники на солнечных,,False
2026-08-02,google,садовые светильники столбики,5.0,False
2026-08-02,google,садовые фонари,14.0,False
2026-08-02,google,садовые фонари купить,9.0,False
2026-08-02,google,садовые фонари электрические,,False
2026-08-02,google,сайт люстры,12.0,False
2026-08-02,google,самый большой магазин люстр в москве,6.0,False
2026-08-02,google,сборка люстры,,False
2026-08-02,google,свет купить,3.0,False
2026-08-02,google,свет люстры,4.0,False
2026-08-02,google,свет люстры светильники,6.0,False
2026-08-02,google,светильник,40.0,False
2026-08-02,google,светильник 1200мм,,False
2026-08-02,google,светильник 24 вольта,9.0,False
2026-08-02,google,светильник 600х600,,False
2026-08-02,google,светильник citilux,19.0,False
2026-08-02,google,светильник dali,,False
2026-08-02,google,светильник e27,22.0,False
2026-08-02,google,светильник elektrostandard,,False
2026-08-02,google,светильник favourite,,False
2026-08-02,google,светильник gauss,,False
2026-08-02,google,светильник gu10,,False
2026-08-02,google,светильник ip44,9.0,False
2026-08-02,google,светильник ip54,,False
2026-08-02,google,светильник ip65,13.0,False
2026-08-02,google,светильник ip67,,False
2026-08-02,google,светильник ip68,1.0,False
2026-08-02,google,светильник led,,False
2026-08-02,google,светильник led ip65,,False
2026-08-02,google,светильник massive,11.0,False
2026-08-02,google,светильник maytoni technical,,False
2026-08-02,google,светильник novotech,,False
2026-08-02,google,светильник odeon,15.0,False
2026-08-02,google,светильник odeon light,19.0,False
2026-08-02,google,светильник varton,,False
2026-08-02,google,светильник аварийного освещения,,False
2026-08-02,google,светильник айсберг,,False
2026-08-02,google,светильник армстронг,,False
2026-08-02,google,светильник белый,36.0,False
2026-08-02,google,светильник бра,,False
2026-08-02,google,светильник бра настенный,,False
2026-08-02,google,светильник в беседку подвесной купить,,False
2026-08-02,google,светильник в ванну,,False
2026-08-02,google,светильник в ванную комнату,,False
2026-08-02,google,светильник в ванную комнату настенный купить в москве,2.0,False
2026-08-02,google,светильник в ванную комнату потолочный,,False
2026-08-02,google,светильник в комнату,18.0,False
2026-08-02,google,светильник в коридор,,False
2026-08-02,google,светильник в коридор потолочный,,False
2026-08-02,google,светильник в санузел,,False
2026-08-02,google,светильник в спальню,,False
2026-08-02,google,светильник влагозащищенный,23.0,False
2026-08-02,google,светильник встраиваемый gx53,,False
2026-08-02,google,светильник встраиваемый ip20,,False
2026-08-02,google,светильник встраиваемый ip54,4.0,False
2026-08-02,google,светильник встраиваемый светодиодный,,False
2026-08-02,google,светильник встроенный белый,,False
2026-08-02,google,светильник выход,,False
2026-08-02,google,светильник грунтовый,22.0,False
2026-08-02,google,светильник для бани,,False
2026-08-02,google,светильник для ванной,,False
2026-08-02,google,светильник для ванной комнаты,,False
2026-08-02,google,светильник для ванной настольный,,False
2026-08-02,google,светильник для ванной потолочный влагозащищенный накладной,,False
2026-08-02,google,светильник для ванны,,False
2026-08-02,google,светильник для ванны потолочный,,False
2026-08-02,google,светильник для подвесного потолка,,False
2026-08-02,google,светильник е27,26.0,False
2026-08-02,google,светильник из ротанга,9.0,False
2026-08-02,google,светильник икеа,,False
2026-08-02,google,светильник квадратный,,False
2026-08-02,google,светильник кольцо,,False
2026-08-02,google,светильник консольный светодиодный уличный,,False
2026-08-02,google,светильник круг,,False
2026-08-02,google,светильник круглый,,False
2026-08-02,google,светильник круглый накладной,,False
2026-08-02,google,светильник круглый потолочный,,False
2026-08-02,google,светильник лофт,,False
2026-08-02,google,светильник люминесцентный,,False
2026-08-02,google,светильник люстра,3.0,False
2026-08-02,google,светильник люстра купить,3.0,False
2026-08-02,google,светильник металлический,6.0,False
2026-08-02,google,светильник на аккумуляторе,,False
2026-08-02,google,светильник на балкон,2.0,False
2026-08-02,google,светильник на балкон настенный,3.0,False
2026-08-02,google,светильник на батарейках,,False
2026-08-02,google,светильник на веранду,2.0,False
2026-08-02,google,светильник на движение,,False
2026-08-02,google,светильник на кухню,23.0,False
2026-08-02,google,светильник на кухню потолочный,12.0,False
2026-08-02,google,светильник на лоджию,2.0,False
2026-08-02,google,светильник на открытую веранду,2.0,False
2026-08-02,google,светильник на прищепке,2.0,False
2026-08-02,google,светильник на солнечной батарее,,False
2026-08-02,google,светильник на стену,,False
2026-08-02,google,светильник на стол,,False
2026-08-02,google,светильник на столб,15.0,False
2026-08-02,google,светильник на террасу,1.0,False
2026-08-02,google,светильник на террасу настенный,3.0,False
2026-08-02,google,светильник над кухонным столом,,False
2026-08-02,google,светильник над столом,,False
2026-08-02,google,светильник наружный,31.0,False
2026-08-02,google,светильник настенно потолочный светодиодный,,False
2026-08-02,google,светильник настенный,,False
2026-08-02,google,светильник настенный ip65,,False
2026-08-02,google,светильник настенный белый,,False
2026-08-02,google,светильник настенный круглый,,False
2026-08-02,google,светильник настенный с выключателем на шнуре,,False
2026-08-02,google,светильник настенный светодиодный,,False
2026-08-02,google,светильник настольный,,False
2026-08-02,google,светильник ночник,,False
2026-08-02,google,светильник онлайн,12.0,False
2026-08-02,google,светильник панель,,False
2026-08-02,google,светильник плоский,,False
2026-08-02,google,светильник плоский потолочный,,False
2026-08-02,google,светильник потолочный,41.0,False
2026-08-02,google,светильник потолочный 60 60,,False
2026-08-02,google,светильник потолочный ip65,,False
2026-08-02,google,светильник потолочный армстронг,,False
2026-08-02,google,светильник потолочный влагозащищенный,29.0,False
2026-08-02,google,светильник потолочный встраиваемый,,False
2026-08-02,google,светильник потолочный для ванной,,False
2026-08-02,google,светильник потолочный квадратный,,False
2026-08-02,google,светильник потолочный линейный,,False
2026-08-02,google,светильник потолочный накладной,42.0,False
2026-08-02,google,светильник потолочный накладной круглый,,False
2026-08-02,google,светильник потолочный подвесной,,False
2026-08-02,google,светильник потолочный светодиодный белый,,False
2026-08-02,google,светильник потолочный светодиодный квадратный,,False
2026-08-02,google,светильник потолочный светодиодный линейный,,False
2026-08-02,google,светильник потолочный трековый,,False
2026-08-02,google,светильник прищепка,2.0,False
2026-08-02,google,светильник регулируемый,,False
2026-08-02,google,светильник ру,7.0,False
2026-08-02,google,светильник с вентилятором,35.0,False
2026-08-02,google,светильник с вентилятором потолочный,,False
2026-08-02,google,светильник с веревочным выключателем,,False
2026-08-02,google,светильник с датчиком,,False
2026-08-02,google,светильник с датчиком движения,,False
2026-08-02,google,светильник с прищепкой,2.0,False
2026-08-02,google,светильник садово парковый,40.0,False
2026-08-02,google,светильник садовый,4.0,False
2026-08-02,google,светильник садовый на солнечных батареях,,False
2026-08-02,google,светильник светодиодный 220в,,False
2026-08-02,google,светильник светодиодный 5000к,,False
2026-08-02,google,светильник светодиодный 600х600,,False
2026-08-02,google,светильник светодиодный ip54,,False
2026-08-02,google,светильник светодиодный ip65,,False
2026-08-02,google,светильник светодиодный ip67,,False
2026-08-02,google,светильник светодиодный ip68,2.0,False
2026-08-02,google,светильник светодиодный внутреннего освещения,,False
2026-08-02,google,светильник светодиодный квадратный,,False
2026-08-02,google,светильник светодиодный накладной,,False
2026-08-02,google,светильник светодиодный потолочный,16.0,False
2026-08-02,google,светильник светодиодный потолочный ip65,,False
2026-08-02,google,светильник светодиодный потолочный встраиваемый,,False
2026-08-02,google,светильник светодиодный потолочный круглый,,False
2026-08-02,google,светильник светодиодный потолочный накладной,,False
2026-08-02,google,светильник светодиодный промышленный,,False
2026-08-02,google,светильник светодиодный с датчиком,,False
2026-08-02,google,светильник светодиодный уличный,30.0,False
2026-08-02,google,светильник светодиодный черный,,False
2026-08-02,google,светильник солнечный садовый,,False
2026-08-02,google,светильник спот,,False
2026-08-02,google,светильник спот потолочный,24.0,False
2026-08-02,google,светильник спот ретро стиль,1.0,False
2026-08-02,google,светильник торшер,,False
2026-08-02,google,светильник торшер в угол,19.0,False
2026-08-02,google,светильник точечный потолочный,,False
2026-08-02,google,светильник точечный уличный встраиваемый,,False
2026-08-02,google,светильник трековый светодиодный,35.0,False
2026-08-02,google,светильник угловой,,False
2026-08-02,google,светильник уличного освещения,44.0,False
2026-08-02,google,светильник уличный ip65,19.0,False
2026-08-02,google,светильник уличный reluse,,False
2026-08-02,google,светильник уличный влагозащищенный,2.0,False
2026-08-02,google,светильник уличный консольный,,False
2026-08-02,google,светильник уличный на столб,10.0,False
2026-08-02,google,светильник уличный напольный,,False
2026-08-02,google,светильник уличный настенный,21.0,False
2026-08-02,google,светильник уличный настенный влагозащищенный,1.0,False
2026-08-02,google,светильник уличный подвесной,7.0,False
2026-08-02,google,светильник уличный подвесной металлический,1.0,False
2026-08-02,google,светильник уличный потолочный,9.0,False
2026-08-02,google,светильник уличный садовый,3.0,False
2026-08-02,google,светильник уличный светодиодный на столб,,False
2026-08-02,google,светильник уличный столбик,8.0,False
2026-08-02,google,светильник уличный черный,12.0,False
2026-08-02,google,светильник уличный шар,22.0,False
2026-08-02,google,светильник фасадный уличный,,False
2026-08-02,google,светильник фонарь,,False
2026-08-02,google,светильник цена,3.0,False
2026-08-02,google,светильник шар,,False
2026-08-02,google,светильник шар подвесной,,False
2026-08-02,google,светильники ambrella,10.0,False
2026-08-02,google,светильники arte,,False
2026-08-02,google,светильники arte lamp,,False
2026-08-02,google,светильники eglo,20.0,False
2026-08-02,google,светильники maytoni,16.0,False
2026-08-02,google,светильники newport,4.0,False
2026-08-02,google,светильники в ванную,,False
2026-08-02,google,светильники в ванную комнату на потолок,,False
2026-08-02,google,светильники в ванную комнату на потолок влагозащищенный,,False
2026-08-02,google,светильники в восточном стиле,,False
2026-08-02,google,светильники в интерьере,,False
2026-08-02,google,светильники в москве,10.0,False
2026-08-02,google,светильники в наличии,5.0,False
2026-08-02,google,светильники встраиваемые в потолок,,False
2026-08-02,google,светильники для балкона,2.0,False
2026-08-02,google,светильники для ванной настенные,13.0,False
2026-08-02,google,светильники для веранды,2.0,False
2026-08-02,google,светильники для влажных помещений,,False
2026-08-02,google,светильники для дачи,,False
2026-08-02,google,светильники для натяжных потолков,,False
2026-08-02,google,светильники для открытой террасы,5.0,False
2026-08-02,google,светильники для помещений,,False
2026-08-02,google,светильники для сада,11.0,False
2026-08-02,google,светильники для террасы,4.0,False
2026-08-02,google,светильники и люстры,8.0,False
2026-08-02,google,светильники из гипса,23.0,False
2026-08-02,google,светильники из китая,,False
2026-08-02,google,светильники из металла,17.0,False
2026-08-02,google,светильники из ротанга купить,9.0,False
2026-08-02,google,светильники купить,7.0,False
2026-08-02,google,светильники купить москва,11.0,False
2026-08-02,google,светильники ландшафтные уличные столбики светодиодный,2.0,False
2026-08-02,google,светильники майтони,13.0,False
2026-08-02,google,светильники москва,11.0,False
2026-08-02,google,светильники на дом,,False
2026-08-02,google,светильники на потолок,,False
2026-08-02,google,светильники на солнечных батареях уличные купить,,False
2026-08-02,google,светильники над кухней,,False
2026-08-02,google,светильники настенные для внутреннего освещения,,False
2026-08-02,google,светильники под натяжной потолок,,False
2026-08-02,google,светильники подвесные четыре лампы на одной основе,,False
2026-08-02,google,светильники потолочные 600х600,,False
2026-08-02,google,светильники потолочные эра,,False
2026-08-02,google,светильники российского производства,6.0,False
2026-08-02,google,светильники световые технологии,,False
2026-08-02,google,светильники споты,20.0,False
2026-08-02,google,светильники уличные настенные влагозащищенные для загородного дома купить,1.0,False
2026-08-02,google,светильники хром,,False
2026-08-02,google,светильники чехия,3.0,False
2026-08-02,google,светлый магазин,2.0,False
2026-08-02,google,световая температура светильников,,False
2026-08-02,google,световой занавес,,False
2026-08-02,google,световой столб купить,18.0,False
2026-08-02,google,светодиодная лампа 220в,,False
2026-08-02,google,светодиодная лента arlight,22.0,False
2026-08-02,google,светодиодная люстра,,False
2026-08-02,google,светодиодное освещение,,False
2026-08-02,google,светодиодные лампы,,False
2026-08-02,google,светодиодные лампы накаливания,,False
2026-08-02,google,светодиодные лампы теплый свет,4.0,False
2026-08-02,google,светодиодные ленты rgb,9.0,False
2026-08-02,google,светодиодные настольные лампы для дома,,False
2026-08-02,google,светодиодные светильники,42.0,False
2026-08-02,google,светодиодные светильники 6500к,,False
2026-08-02,google,светодиодный модуль купить,,False
2026-08-02,google,светодиодный светильник 1200мм,,False
2026-08-02,google,светодиодный светильник feron,,False
2026-08-02,google,светодиодный светильник led,40.0,False
2026-08-02,google,светодиодный светильник армстронг,,False
2026-08-02,google,светодиодный светильник с датчиком движения,,False
2026-08-02,google,светодиодный уличный фонарь,,False
2026-08-02,google,синяя люстра,49.0,False
2026-08-02,google,система светильников,,False
2026-08-02,google,ситилюкс люстры,10.0,False
2026-08-02,google,ситилюкс сайт,14.0,False
2026-08-02,google,ситилюкс светильники официальный сайт,12.0,False
2026-08-02,google,сколько стоит люстра,18.0,False
2026-08-02,google,советская лампа,,False
2026-08-02,google,советская люстра,,False
2026-08-02,google,современная потолочная люстра,16.0,False
2026-08-02,google,современные люстры,,False
2026-08-02,google,современные люстры в гостиную,,False
2026-08-02,google,современные люстры купить,13.0,False
2026-08-02,google,современные светильники,,False
2026-08-02,google,солевая лампа,,False
2026-08-02,google,солнечная лампа,,False
2026-08-02,google,солнечный уличный светильник,,False
2026-08-02,google,солнечный уличный фонарь,,False
2026-08-02,google,соляная лампа,,False
2026-08-02,google,сонекс,,False
2026-08-02,google,сонекс светильники,,False
2026-08-02,google,спальня с торшером,,False
2026-08-02,google,спот,,False
2026-08-02,google,спот белый,39.0,False
2026-08-02,google,спот винтаж,1.0,False
2026-08-02,google,спот встраиваемый,,False
2026-08-02,google,спот купить,10.0,False
2026-08-02,google,спот на 4 лампы,7.0,False
2026-08-02,google,спот на 4 лампы на основании настенный,7.0,False
2026-08-02,google,спот поворотный,,False
2026-08-02,google,спот ретро,1.0,False
2026-08-02,google,спот светодиодный,,False
2026-08-02,google,спот система,,False
2026-08-02,google,спот товары,,False
2026-08-02,google,спот цена,,False
2026-08-02,google,споты,40.0,False
2026-08-02,google,споты купить,11.0,False
2026-08-02,google,споты потолочные,13.0,False
2026-08-02,google,споты черные,,False
2026-08-02,google,срот,5.0,False
2026-08-02,google,стеклянная лампа,10.0,False
2026-08-02,google,стеклянные люстры,6.0,False
2026-08-02,google,стеклянный светильник,12.0,False
2026-08-02,google,степень защиты светильников,,False
2026-08-02,google,стили люстр,,False
2026-08-02,google,стильные люстры 2026,,False
2026-08-02,google,стильный свет светильники,,False
2026-08-02,google,столб освещения,29.0,False
2026-08-02,google,столб уличный,7.0,False
2026-08-02,google,столбик садовый с подсветкой,5.0,False
2026-08-02,google,столбы освещения,24.0,False
2026-08-02,google,столбы освещения уличные купить,8.0,False
2026-08-02,google,столбы фонарные уличного освещения,12.0,False
2026-08-02,google,струнная система освещения,14.0,False
2026-08-02,google,струнные светильники,12.0,False
2026-08-02,google,температура светильников,,False
2026-08-02,google,типы светильников,,False
2026-08-02,google,тканевая люстра потолочная,16.0,False
2026-08-02,google,тканевые потолочные светильники,23.0,False
2026-08-02,google,ткань для абажура,13.0,False
2026-08-02,google,торшел флористика купить в москве,9.0,False
2026-08-02,google,торшер,,False
2026-08-02,google,торшер арка,5.0,False
2026-08-02,google,торшер для гостиной,27.0,False
2026-08-02,google,торшер дуга,4.0,False
2026-08-02,google,торшер изогнутый,2.0,False
2026-08-02,google,торшер икеа,,False
2026-08-02,google,торшер керамический,2.0,False
2026-08-02,google,торшер купить в москве,,False
2026-08-02,google,торшер нависающий над диваном,,False
2026-08-02,google,торшер напольный,,False
2026-08-02,google,торшер напольный в стиле лофт,,False
2026-08-02,google,торшер напольный изогнутый,5.0,False
2026-08-02,google,торшер напольный москва,,False
2026-08-02,google,торшер напольный с абажуром,,False
2026-08-02,google,торшер напольный со стеклянным плафоном ландыш,,False
2026-08-02,google,торшер ретро,5.0,False
2026-08-02,google,торшер со столиком,,False
2026-08-02,google,торшер современный напольный,,False
2026-08-02,google,торшер столик,,False
2026-08-02,google,торшер тренога,23.0,False
2026-08-02,google,торшер хрустальный германия напольный купить в москве,17.0,False
2026-08-02,google,торшер черный,,False
2026-08-02,google,торшеры москва,,False
2026-08-02,google,торшеры напольные купить в москве,,False
2026-08-02,google,точечные лампы,,False
2026-08-02,google,точечные светильники,,False
2026-08-02,google,точечные светильники для натяжных,,False
2026-08-02,google,точечные светильники для натяжных потолков,,False
2026-08-02,google,точечные светильники для потолков,,False
2026-08-02,google,точечный светильник белый,,False
2026-08-02,google,точечный светильник потолочный встраиваемый,,False
2026-08-02,google,точечный светильник светодиодный,,False
2026-08-02,google,трек освещение,48.0,False
2026-08-02,google,трек светильник,,False
2026-08-02,google,трек уличный ip67,,False
2026-08-02,google,трековая система освещения купить,,False
2026-08-02,google,трековое освещение в коридоре,9.0,False
2026-08-02,google,трековые светильники,39.0,False
2026-08-02,google,трековые светильники dali,4.0,False
2026-08-02,google,трековые светильники купить,36.0,False
2026-08-02,google,трековый светильник ip44,1.0,False
2026-08-02,google,трековый светильник maytoni,,False
2026-08-02,google,трековый светильник белый,,False
2026-08-02,google,трековый светильник для натяжного потолка,,False
2026-08-02,google,трековый светильник латунь,2.0,False
2026-08-02,google,трековый светильник трехфазный,17.0,False
2026-08-02,google,трековый светильник черный,,False
2026-08-02,google,трехфазная трековая система,10.0,False
2026-08-02,google,трехфазный светильник,17.0,False
2026-08-02,google,уличная лампа,,False
2026-08-02,google,уличная люстра,26.0,False
2026-08-02,google,уличное освещение,,False
2026-08-02,google,уличное освещение веранды,4.0,False
2026-08-02,google,уличное освещение для загородного дома,30.0,False
2026-08-02,google,уличное освещение столбы,11.0,False
2026-08-02,google,уличные люстры,18.0,False
2026-08-02,google,уличные настенные светильники для загородного дома купить,10.0,False
2026-08-02,google,уличные подвесные светильники для террасы и веранды,5.0,False
2026-08-02,google,уличные потолочные светильники встраиваемые,12.0,False
2026-08-02,google,уличные светильники,,False
2026-08-02,google,уличные светильники в стиле лофт,10.0,False
2026-08-02,google,уличные светильники для загородного,19.0,False
2026-08-02,google,уличные светильники для загородного дома,24.0,False
2026-08-02,google,уличные светильники для загородного дома на стену,10.0,False
2026-08-02,google,уличные светильники для загородного дома наземные влагозащищенные купить в москве,2.0,False
2026-08-02,google,уличные светильники для террасы,2.0,False
2026-08-02,google,уличные светильники италия,1.0,False
2026-08-02,google,уличные светильники майтони,,False
2026-08-02,google,уличные светильники на дом,,False
2026-08-02,google,уличные светильники на столбы,7.0,False
2026-08-02,google,уличные столбы освещения,7.0,False
2026-08-02,google,уличные фонари,,False
2026-08-02,google,уличные фонари для загородного дома,,False
2026-08-02,google,уличные фонари столбики,8.0,False
2026-08-02,google,уличный красный светильник,6.0,False
2026-08-02,google,уличный ландшафтный светильник,11.0,False
2026-08-02,google,уличный наземный светильник,6.0,False
2026-08-02,google,уличный подвесной фонарь,2.0,False
2026-08-02,google,уличный потолочный светильник на террасу,1.0,False
2026-08-02,google,уличный светильник на солнечной батарее,,False
2026-08-02,google,уличный светильник на террасу,5.0,False
2026-08-02,google,уличный светильник с датчиком движения,,False
2026-08-02,google,уличный светильник столб,2.0,False
2026-08-02,google,уличный светильник эра,,False
2026-08-02,google,уличный столб освещения,9.0,False
2026-08-02,google,уличный трековая система ip65,6.0,False
2026-08-02,google,уличный фонарь,,False
2026-08-02,google,уличный фонарь на солнечных батареях,10.0,False
2026-08-02,google,уличный фонарь на столб купить,18.0,False
2026-08-02,google,уличный фонарь с датчиком,,False
2026-08-02,google,уличный фонарь с датчиком движения,,False
2026-08-02,google,уличный фонарь столб,4.0,False
2026-08-02,google,умная люстра,,False
2026-08-02,google,умные трековые светильники,20.0,False
2026-08-02,google,умный светильник,,False
2026-08-02,google,установка люстры,,False
2026-08-02,google,установка светильников,16.0,False
2026-08-02,google,фасадное освещение,,False
2026-08-02,google,фасадные светильники,,False
2026-08-02,google,фонари для террасы,1.0,False
2026-08-02,google,фонари уличного освещения,27.0,False
2026-08-02,google,фонари уличные классические,3.0,False
2026-08-02,google,фонарные столбы,1.0,False
2026-08-02,google,фонарные столбы купить,1.0,False
2026-08-02,google,фонарные столбы уличные,8.0,False
2026-08-02,google,фонарные столбы уличные купить,7.0,False
2026-08-02,google,фонарный столб,3.0,False
2026-08-02,google,фонарный столб для сада,14.0,False
2026-08-02,google,фонарный столб купить,2.0,False
2026-08-02,google,фонарный столб уличный,13.0,False
2026-08-02,google,фонарный столб уличный купить,7.0,False
2026-08-02,google,фонарный столб уличный купить в москве,2.0,False
2026-08-02,google,фонарь лампа,,False
2026-08-02,google,фонарь на столб,19.0,False
2026-08-02,google,фонарь подвесной,,False
2026-08-02,google,фонарь столб,7.0,False
2026-08-02,google,фонарь уличный на столб,16.0,False
2026-08-02,google,фонарь уличный подвесной купить,4.0,False
2026-08-02,google,фрея свет,,False
2026-08-02,google,хочу купить люстру для гостиной хочу посмотреть,11.0,False
2026-08-02,google,хрустальная люстра,,False
2026-08-02,google,хрустальная люстра купить,,False
2026-08-02,google,хрустальное бра,,False
2026-08-02,google,хрустальные люстры чехия,18.0,False
2026-08-02,google,цветовая температура светильников,,False
2026-08-02,google,часы светильник,,False
2026-08-02,google,черная лампа,,False
2026-08-02,google,черная люстра,,False
2026-08-02,google,черный потолочный светильник,,False
2026-08-02,google,черный светильник,18.0,False
2026-08-02,google,чешская люстра,23.0,False
2026-08-02,google,чёрные плоские люстры с эффектом 3d в стиле ар-деко,,False
2026-08-02,google,шинопровод для светильников,,False
2026-08-02,google,шинопровод для трековых светильников,,False
2026-08-02,google,эгло,11.0,False
2026-08-02,google,электрическая лампа,,False
2026-08-02,google,энергосберегающие лампы,,False
2026-08-02,google,энергосберегающие светильники,8.0,False
2026-08-02,yandex,ambrella light,4.0,False
2026-08-02,yandex,ambrella light светильник,2.0,False
2026-08-02,yandex,ambrella volt,3.0,False
2026-08-02,yandex,arlight,,False
2026-08-02,yandex,arlight ru,,False
2026-08-02,yandex,arlight официальный,,False
2026-08-02,yandex,arlight официальный сайт,,False
2026-08-02,yandex,arlight светильники,23.0,False
2026-08-02,yandex,arlight светодиодная,,False
2026-08-02,yandex,arte lamp,6.0,False
2026-08-02,yandex,arte lamp подвесной,,False
2026-08-02,yandex,belfast светильники,,False
2026-08-02,yandex,citilux,4.0,False
2026-08-02,yandex,citilux smart,10.0,False
2026-08-02,yandex,denkirs светильники,,False
2026-08-02,yandex,e14 цоколь,7.0,False
2026-08-02,yandex,eglo,18.0,False
2026-08-02,yandex,elektrostandart,28.0,False
2026-08-02,yandex,eurosvet,3.0,False
2026-08-02,yandex,eurosvet светильники,7.0,False
2026-08-02,yandex,favourite,23.0,False
2026-08-02,yandex,favourite перевод,,False
2026-08-02,yandex,feron светильники,,False
2026-08-02,yandex,freya,15.0,False
2026-08-02,yandex,freya светильники,7.0,False
2026-08-02,yandex,g53 светильник,9.0,False
2026-08-02,yandex,g9 лампа светодиодная,,False
2026-08-02,yandex,gx53 лампа светодиодная,,False
2026-08-02,yandex,led driver citilux,10.0,False
2026-08-02,yandex,led лампа,26.0,False
2026-08-02,yandex,led светильники потолочные,6.0,False
2026-08-02,yandex,lightstar,,False
2026-08-02,yandex,lightstar светильники,,False
2026-08-02,yandex,loft it светильники,15.0,False
2026-08-02,yandex,lussole,,False
2026-08-02,yandex,lussole lsp,5.0,False
2026-08-02,yandex,mantra,,False
2026-08-02,yandex,mantra светильники,26.0,False
2026-08-02,yandex,maytoni,19.0,False
2026-08-02,yandex,maytoni gu10,5.0,False
2026-08-02,yandex,maytoni ru,24.0,False
2026-08-02,yandex,maytoni technical,22.0,False
2026-08-02,yandex,maytoni официальный,,False
2026-08-02,yandex,maytoni официальный сайт,32.0,False
2026-08-02,yandex,maytoni сайт,25.0,False
2026-08-02,yandex,newport люстры,10.0,False
2026-08-02,yandex,novotech,,False
2026-08-02,yandex,odeon light,10.0,False
2026-08-02,yandex,reccagni angelo,9.0,False
2026-08-02,yandex,rgb ленты,,False
2026-08-02,yandex,rgbw лента,,False
2026-08-02,yandex,smart arlight,8.0,False
2026-08-02,yandex,st luce,9.0,False
2026-08-02,yandex,st luce светильники,9.0,False
2026-08-02,yandex,stilfort,8.0,False
2026-08-02,yandex,swg светильники,6.0,False
2026-08-02,yandex,абажур,2.0,False
2026-08-02,yandex,абажур для люстры,1.0,False
2026-08-02,yandex,абажур для торшера,3.0,False
2026-08-02,yandex,абажур купить,3.0,False
2026-08-02,yandex,абажур купить в москве,5.0,False
2026-08-02,yandex,абажур на люстру,2.0,False
2026-08-02,yandex,абажур на настольную лампу,,False
2026-08-02,yandex,абажур на светильник,,False
2026-08-02,yandex,абажуры для бра,5.0,False
2026-08-02,yandex,абажуры для ламп,4.0,False
2026-08-02,yandex,абажуры для настольных ламп,3.0,False
2026-08-02,yandex,абажуры для настольных ламп отдельно,4.0,False
2026-08-02,yandex,абажуры для светильников,5.0,False
2026-08-02,yandex,аварийный светильник,,False
2026-08-02,yandex,авито люстры,9.0,False
2026-08-02,yandex,аксессуары для люстры,7.0,False
2026-08-02,yandex,аксессуары для светильников,,False
2026-08-02,yandex,американские настольные лампы,10.0,False
2026-08-02,yandex,арлайт,,False
2026-08-02,yandex,арочный торшер купить,,False
2026-08-02,yandex,арте ламп,,False
2026-08-02,yandex,белые встроенные светильники,,False
2026-08-02,yandex,белый накладной светильник,,False
2026-08-02,yandex,белый свет светильники,31.0,False
2026-08-02,yandex,беспроводной светильник,,False
2026-08-02,yandex,бестеневая лампа,,False
2026-08-02,yandex,блок питания для светильника,29.0,False
2026-08-02,yandex,блок управления для светильника потолочного citilux,3.0,False
2026-08-02,yandex,большая лампа,,False
2026-08-02,yandex,большая люстра,27.0,False
2026-08-02,yandex,большой выбор освещения в москве,2.0,False
2026-08-02,yandex,большой светильник,,False
2026-08-02,yandex,бра,7.0,False
2026-08-02,yandex,бра freya,10.0,False
2026-08-02,yandex,бра maytoni,,False
2026-08-02,yandex,бра odeon,5.0,False
2026-08-02,yandex,бра odeon light,5.0,False
2026-08-02,yandex,бра арт деко,,False
2026-08-02,yandex,бра белый,16.0,False
2026-08-02,yandex,бра богемия,5.0,False
2026-08-02,yandex,бра богемия хрусталь,9.0,False
2026-08-02,yandex,бра в спальню,,False
2026-08-02,yandex,бра для спальни,,False
2026-08-02,yandex,бра для чтения,,False
2026-08-02,yandex,бра из ротанга,26.0,False
2026-08-02,yandex,бра из ткани,3.0,False
2026-08-02,yandex,бра кожа,1.0,False
2026-08-02,yandex,бра купить москва,1.0,False
2026-08-02,yandex,бра москва,5.0,False
2026-08-02,yandex,бра муранское стекло,43.0,False
2026-08-02,yandex,бра на стену,2.0,False
2026-08-02,yandex,бра над кроватью,6.0,False
2026-08-02,yandex,бра настенные,5.0,False
2026-08-02,yandex,бра настенные современные,3.0,False
2026-08-02,yandex,бра настенный со светом вверх и вниз,1.0,False
2026-08-02,yandex,бра с диммером,,False
2026-08-02,yandex,бра стекло,,False
2026-08-02,yandex,бра тиффани,,False
2026-08-02,yandex,бра тканевые,1.0,False
2026-08-02,yandex,бра флористика,14.0,False
2026-08-02,yandex,бра черное,,False
2026-08-02,yandex,взрывозащищенные светильники,,False
2026-08-02,yandex,виды люстр,,False
2026-08-02,yandex,внутренние светильники,,False
2026-08-02,yandex,врезные светильники,,False
2026-08-02,yandex,встраиваемые лампы,18.0,False
2026-08-02,yandex,встраиваемые светильники ip44,31.0,False
2026-08-02,yandex,встраиваемые точечные светильники,,False
2026-08-02,yandex,встраиваемые трековые светильники,33.0,False
2026-08-02,yandex,встраиваемый led светильник,,False
2026-08-02,yandex,встраиваемый круглый светильник,,False
2026-08-02,yandex,встраиваемый светильник,21.0,False
2026-08-02,yandex,встраиваемый светильник gu10,,False
2026-08-02,yandex,встраиваемый светильник ip65,,False
2026-08-02,yandex,встраиваемый светильник maytoni,30.0,False
2026-08-02,yandex,встраиваемый светильник novotech,,False
2026-08-02,yandex,встраиваемый светильник белый,,False
2026-08-02,yandex,встраиваемый светильник в натяжной потолок,,False
2026-08-02,yandex,встраиваемый уличный светильник,9.0,False
2026-08-02,yandex,встроенная лампа,,False
2026-08-02,yandex,встроенные потолочные светильники светодиодные встраиваемые,34.0,False
2026-08-02,yandex,встроенные светильники,24.0,False
2026-08-02,yandex,встроенные светильники gx53,16.0,False
2026-08-02,yandex,встроенные светильники ip65,11.0,False
2026-08-02,yandex,встроенные светильники для натяжного потолка,27.0,False
2026-08-02,yandex,встроенные светильники потолочные,9.0,False
2026-08-02,yandex,встроенные светильники потолочные светодиодные,43.0,False
2026-08-02,yandex,встроенные споты,,False
2026-08-02,yandex,встроенные трековые светильники,34.0,False
2026-08-02,yandex,встроенный выключатель,3.0,False
2026-08-02,yandex,встроенный линейный светильник,,False
2026-08-02,yandex,встроенный светильник maytoni,26.0,False
2026-08-02,yandex,встроенный светильник в потолок,,False
2026-08-02,yandex,встроенный светильник диаметр,,False
2026-08-02,yandex,встроенный светильник черный,16.0,False
2026-08-02,yandex,встроенный светодиодный светильник led,,False
2026-08-02,yandex,встроенный точечный светильник,4.0,False
2026-08-02,yandex,выключатель для бра,,False
2026-08-02,yandex,выключатель для лампы,,False
2026-08-02,yandex,выключатель для светильника,18.0,False
2026-08-02,yandex,выключатель света,15.0,False
2026-08-02,yandex,высокие светильники,12.0,False
2026-08-02,yandex,галогеновые лампы,,False
2026-08-02,yandex,где купить лампу,16.0,False
2026-08-02,yandex,где купить люстру,10.0,False
2026-08-02,yandex,гибкая трековая система,,False
2026-08-02,yandex,гибкий светильник,6.0,False
2026-08-02,yandex,гибкий шинопровод,,False
2026-08-02,yandex,гипсовые бра,11.0,False
2026-08-02,yandex,гипсовые светильники,9.0,False
2026-08-02,yandex,двойной светильник,,False
2026-08-02,yandex,декоративные лампы,11.0,False
2026-08-02,yandex,декоративные светильники,16.0,False
2026-08-02,yandex,декоративные фонарные столбы,8.0,False
2026-08-02,yandex,декоративный фонарный столб,3.0,False
2026-08-02,yandex,деревянная люстра,6.0,False
2026-08-02,yandex,деревянные светильники,3.0,False
2026-08-02,yandex,держатель для люстры,4.0,False
2026-08-02,yandex,детский светильник,14.0,False
2026-08-02,yandex,дизайнерские люстры,27.0,False
2026-08-02,yandex,дизайнерские светильники,48.0,False
2026-08-02,yandex,диммируемая лампа,,False
2026-08-02,yandex,диммируемые светодиодные лампы,24.0,False
2026-08-02,yandex,диодная лампа,,False
2026-08-02,yandex,диодная люстра,2.0,False
2026-08-02,yandex,диодный светильник,,False
2026-08-02,yandex,длинная люстра,,False
2026-08-02,yandex,длинные лампы,,False
2026-08-02,yandex,длинные люстры,,False
2026-08-02,yandex,длинные светильники,,False
2026-08-02,yandex,домашнее настенные светильники,15.0,False
2026-08-02,yandex,драйвер для светильника,,False
2026-08-02,yandex,евросвет,12.0,False
2026-08-02,yandex,заказать люстру,3.0,False
2026-08-02,yandex,заказать спот,3.0,False
2026-08-02,yandex,закладная под люстру,28.0,False
2026-08-02,yandex,зеленая лампа,,False
2026-08-02,yandex,зеленая люстра,,False
2026-08-02,yandex,зеленая настольная лампа,7.0,False
2026-08-02,yandex,золотая люстра,25.0,False
2026-08-02,yandex,золотой светильник,,False
2026-08-02,yandex,интернет магазин люстр,2.0,False
2026-08-02,yandex,интернет магазин освещения,1.0,False
2026-08-02,yandex,интернет магазин света,4.0,False
2026-08-02,yandex,интернет магазин светильников,,False
2026-08-02,yandex,интернет магазин светильников и люстр,2.0,False
2026-08-02,yandex,интернет-магазин света,1.0,False
2026-08-02,yandex,интернет-магазин светильников,4.0,False
2026-08-02,yandex,испанские светильники,,False
2026-08-02,yandex,итальянские люстры,,False
2026-08-02,yandex,итальянские люстры reccagni angelo,,False
2026-08-02,yandex,как повесить люстру,,False
2026-08-02,yandex,каталог люстр,5.0,False
2026-08-02,yandex,каталог светильников,,False
2026-08-02,yandex,квадратная люстра,11.0,False
2026-08-02,yandex,керамическая настольная лампа,3.0,False
2026-08-02,yandex,керамические настольные лампы,,False
2026-08-02,yandex,китайские светильники,3.0,False
2026-08-02,yandex,классическая настольная лампа,3.0,False
2026-08-02,yandex,классические люстры,,False
2026-08-02,yandex,классические настольные лампы,4.0,False
2026-08-02,yandex,кнопка дверного звонка,,False
2026-08-02,yandex,кнопка для дверного звонка,,False
2026-08-02,yandex,коллекции потолочных светильников,7.0,False
2026-08-02,yandex,кольцевая лампа,,False
2026-08-02,yandex,комплект светильников,,False
2026-08-02,yandex,комплектующие для светильников,2.0,False
2026-08-02,yandex,консольный светильник,,False
2026-08-02,yandex,консольный светодиодный светильник,,False
2026-08-02,yandex,контрольная лампа,,False
2026-08-02,yandex,красивые люстры,,False
2026-08-02,yandex,красивые люстры для гостиной,,False
2026-08-02,yandex,красная лампа,,False
2026-08-02,yandex,красная люстра,24.0,False
2026-08-02,yandex,крепление для светильника,,False
2026-08-02,yandex,кристаллюкс,,False
2026-08-02,yandex,круглая лампа,,False
2026-08-02,yandex,круглая люстра,5.0,False
2026-08-02,yandex,круглый светодиодный светильник,,False
2026-08-02,yandex,купить rgb ленту,,False
2026-08-02,yandex,купить абажур для настольной лампы,,False
2026-08-02,yandex,купить бра,6.0,False
2026-08-02,yandex,купить бра на стену,15.0,False
2026-08-02,yandex,купить бра настенные,5.0,False
2026-08-02,yandex,купить встроенный светильник,9.0,False
2026-08-02,yandex,купить выключатель света,15.0,False
2026-08-02,yandex,купить диодную лампу,,False
2026-08-02,yandex,купить запчасти для люстры,10.0,False
2026-08-02,yandex,купить качественную люстру,,False
2026-08-02,yandex,купить классическую люстру в гостиную,,False
2026-08-02,yandex,купить классическую настольную лампу,4.0,False
2026-08-02,yandex,купить кнопку дверного звонка,,False
2026-08-02,yandex,купить красивую люстру,3.0,False
2026-08-02,yandex,купить лампу москва,10.0,False
2026-08-02,yandex,купить люстру,6.0,False
2026-08-02,yandex,купить люстру в гостиную,2.0,False
2026-08-02,yandex,купить люстру в зал,,False
2026-08-02,yandex,купить люстру в интернет магазине,3.0,False
2026-08-02,yandex,купить люстру в комнату,8.0,False
2026-08-02,yandex,купить люстру в москве,3.0,False
2026-08-02,yandex,купить люстру в москве в магазине,,False
2026-08-02,yandex,купить люстру в москве интернет магазин,3.0,False
2026-08-02,yandex,купить люстру в прихожую,16.0,False
2026-08-02,yandex,купить люстру в спальню,,False
2026-08-02,yandex,купить люстру в спальню в москве,6.0,False
2026-08-02,yandex,купить люстру для кухни в москве,8.0,False
2026-08-02,yandex,купить люстру для прихожей для большого крючка,2.0,False
2026-08-02,yandex,купить люстру для спальни,8.0,False
2026-08-02,yandex,купить люстру из цветного стекла,3.0,False
2026-08-02,yandex,купить люстру магазин,,False
2026-08-02,yandex,купить люстру москва,3.0,False
2026-08-02,yandex,купить люстру на крючке,3.0,False
2026-08-02,yandex,купить люстру на кухню,6.0,False
2026-08-02,yandex,купить люстру недорого,,False
2026-08-02,yandex,купить люстру онлайн,5.0,False
2026-08-02,yandex,купить люстру подвесную,6.0,False
2026-08-02,yandex,купить люстру потолочную,4.0,False
2026-08-02,yandex,купить люстру потолочную в москве,5.0,False
2026-08-02,yandex,купить люстру потолочную в москве недорого,4.0,False
2026-08-02,yandex,купить люстру с установкой,10.0,False
2026-08-02,yandex,купить люстру стекло,4.0,False
2026-08-02,yandex,купить настенную люстру в москве,3.0,False
2026-08-02,yandex,купить настенный светильник,,False
2026-08-02,yandex,купить настольную лампу,9.0,False
2026-08-02,yandex,купить настольную лампу в стиле ретро,6.0,False
2026-08-02,yandex,купить настольную лампу на прищепке,7.0,False
2026-08-02,yandex,купить плафон,5.0,False
2026-08-02,yandex,купить плафоны для люстр,8.0,False
2026-08-02,yandex,купить плафоны для люстры отдельно,9.0,False
2026-08-02,yandex,купить подвесной светильник,,False
2026-08-02,yandex,купить подвесную люстру в гостиную,2.0,False
2026-08-02,yandex,купить подвесную люстру в москве,2.0,False
2026-08-02,yandex,купить потолочный светильник,3.0,False
2026-08-02,yandex,купить проходной выключатель,8.0,False
2026-08-02,yandex,купить светильник на солнечной батарее,,False
2026-08-02,yandex,купить светильник светодиодный потолочный,8.0,False
2026-08-02,yandex,купить светильники в москве,3.0,False
2026-08-02,yandex,купить светодиодную лампу,,False
2026-08-02,yandex,купить светодиодную люстру,,False
2026-08-02,yandex,купить светодиодные лампы,23.0,False
2026-08-02,yandex,купить светодиодный светильник,11.0,False
2026-08-02,yandex,купить современную люстру,,False
2026-08-02,yandex,купить солнечный светильник,,False
2026-08-02,yandex,купить столб освещения,20.0,False
2026-08-02,yandex,купить торшер,4.0,False
2026-08-02,yandex,купить торшер напольный,6.0,False
2026-08-02,yandex,купить торшер с доставкой,2.0,False
2026-08-02,yandex,купить точечные светильники,24.0,False
2026-08-02,yandex,купить точечные светильники потолочные,3.0,False
2026-08-02,yandex,купить уличный потолочный светильник на открытую террасу,,False
2026-08-02,yandex,купить уличный светильник,4.0,False
2026-08-02,yandex,купить уличный фонарь,11.0,False
2026-08-02,yandex,купить фонарь на столб,,False
2026-08-02,yandex,купить хрустальный торшер германия,5.0,False
2026-08-02,yandex,куплю люстру,1.0,False
2026-08-02,yandex,кутек,,False
2026-08-02,yandex,кутек люстры,6.0,False
2026-08-02,yandex,кухонные светильники,7.0,False
2026-08-02,yandex,лавовая лампа,,False
2026-08-02,yandex,лайтстар,22.0,False
2026-08-02,yandex,лампа,,False
2026-08-02,yandex,лампа 12 вольт,,False
2026-08-02,yandex,лампа 12v,,False
2026-08-02,yandex,лампа e14,,False
2026-08-02,yandex,лампа gu10,,False
2026-08-02,yandex,лампа mr16,,False
2026-08-02,yandex,лампа бра,4.0,False
2026-08-02,yandex,лампа в ванную,,False
2026-08-02,yandex,лампа в комнату,,False
2026-08-02,yandex,лампа вентилятор,20.0,False
2026-08-02,yandex,лампа для кухни,,False
2026-08-02,yandex,лампа для растений,,False
2026-08-02,yandex,лампа для стола,,False
2026-08-02,yandex,лампа для террасы,,False
2026-08-02,yandex,лампа е 27,7.0,False
2026-08-02,yandex,лампа е14,,False
2026-08-02,yandex,лампа купить,12.0,False
2026-08-02,yandex,лампа лупа,,False
2026-08-02,yandex,лампа на кухню,6.0,False
2026-08-02,yandex,лампа на прищепке,4.0,False
2026-08-02,yandex,лампа на прищепке купить,5.0,False
2026-08-02,yandex,лампа настольная белая,,False
2026-08-02,yandex,лампа настольная деревянная,3.0,False
2026-08-02,yandex,лампа настольная на прищепке,6.0,False
2026-08-02,yandex,лампа настольная с креплением к столу,,False
2026-08-02,yandex,лампа настольная светодиодная,,False
2026-08-02,yandex,лампа настольная ссср,,False
2026-08-02,yandex,лампа обычная,,False
2026-08-02,yandex,лампа онлайн,,False
2026-08-02,yandex,лампа освещения,,False
2026-08-02,yandex,лампа подсветки,,False
2026-08-02,yandex,лампа потолочная,,False
2026-08-02,yandex,лампа с абажуром,,False
2026-08-02,yandex,лампа с креплением к столу,13.0,False
2026-08-02,yandex,лампа светильник,,False
2026-08-02,yandex,лампа светодиодная e27,23.0,False
2026-08-02,yandex,лампа светодиодная gu10,22.0,False
2026-08-02,yandex,лампа светодиодная е14,12.0,False
2026-08-02,yandex,лампа светодиодная е27,22.0,False
2026-08-02,yandex,лампа спот,3.0,False
2026-08-02,yandex,лампа ссср,,False
2026-08-02,yandex,лампа теплый свет,,False
2026-08-02,yandex,лампа торшер,10.0,False
2026-08-02,yandex,лампа шар,,False
2026-08-02,yandex,лампочка для светильника,,False
2026-08-02,yandex,лампочки для люстры,11.0,False
2026-08-02,yandex,лампу купить,16.0,False
2026-08-02,yandex,лампы,,False
2026-08-02,yandex,лампы led,29.0,False
2026-08-02,yandex,лампы для люстры,4.0,False
2026-08-02,yandex,лампы для натяжных потолков,,False
2026-08-02,yandex,лампы для помещения,,False
2026-08-02,yandex,лампы купить,13.0,False
2026-08-02,yandex,лампы на балкон,2.0,False
2026-08-02,yandex,лампы на потолок,,False
2026-08-02,yandex,лампы освещения,,False
2026-08-02,yandex,лампы светодиодные потолочные,4.0,False
2026-08-02,yandex,лампы теплого света,,False
2026-08-02,yandex,ландшафтное освещение,,False
2026-08-02,yandex,ландшафтные светильники,,False
2026-08-02,yandex,ландшафтные светильники столбики,2.0,False
2026-08-02,yandex,ландшафтный свет,,False
2026-08-02,yandex,лед лампа,,False
2026-08-02,yandex,лед светильники,11.0,False
2026-08-02,yandex,лемана люстры,,False
2026-08-02,yandex,лемана светильники,,False
2026-08-02,yandex,лента arlight,,False
2026-08-02,yandex,лента arlight 24v,,False
2026-08-02,yandex,лента rgb,,False
2026-08-02,yandex,лента ргб,,False
2026-08-02,yandex,лента светодиодная arlight 24v,,False
2026-08-02,yandex,леруа светильники,,False
2026-08-02,yandex,линейные светильники купить,,False
2026-08-02,yandex,линейный встраиваемый светильник,,False
2026-08-02,yandex,линейный светильник,,False
2026-08-02,yandex,линейный светильник ip65,,False
2026-08-02,yandex,линейный светодиодный светильник,,False
2026-08-02,yandex,линейный трековый светильник,,False
2026-08-02,yandex,лифт подъемник для люстры,9.0,False
2026-08-02,yandex,лофт ит,27.0,False
2026-08-02,yandex,лучшие светильники,,False
2026-08-02,yandex,лучшие светодиодные лампы,,False
2026-08-02,yandex,люссоль,17.0,False
2026-08-02,yandex,люстра,3.0,False
2026-08-02,yandex,люстра arte,17.0,False
2026-08-02,yandex,люстра arte lamp,,False
2026-08-02,yandex,люстра citilux,3.0,False
2026-08-02,yandex,люстра e27,3.0,False
2026-08-02,yandex,люстра escada,,False
2026-08-02,yandex,люстра eurosvet,5.0,False
2026-08-02,yandex,люстра freya,13.0,False
2026-08-02,yandex,люстра led,7.0,False
2026-08-02,yandex,люстра lumion,,False
2026-08-02,yandex,люстра mantra,16.0,False
2026-08-02,yandex,люстра maytoni,18.0,False
2026-08-02,yandex,люстра modelux,10.0,False
2026-08-02,yandex,люстра mw light,6.0,False
2026-08-02,yandex,люстра odeon,,False
2026-08-02,yandex,люстра odeon light,,False
2026-08-02,yandex,люстра omnilux,23.0,False
2026-08-02,yandex,люстра rivoli,,False
2026-08-02,yandex,люстра velante,,False
2026-08-02,yandex,люстра vitaluce,,False
2026-08-02,yandex,люстра абажур,15.0,False
2026-08-02,yandex,люстра арт деко,2.0,False
2026-08-02,yandex,люстра бар,,False
2026-08-02,yandex,люстра белая,8.0,False
2026-08-02,yandex,люстра белая потолочная,12.0,False
2026-08-02,yandex,люстра большая светлая,1.0,False
2026-08-02,yandex,люстра бра,10.0,False
2026-08-02,yandex,люстра бронза,16.0,False
2026-08-02,yandex,люстра в ванную,6.0,False
2026-08-02,yandex,люстра в восточном стиле,,False
2026-08-02,yandex,люстра в гостиную,,False
2026-08-02,yandex,люстра в гостиную в современном стиле,10.0,False
2026-08-02,yandex,люстра в гостиную в современном стиле купить,3.0,False
2026-08-02,yandex,люстра в гостиную купить,2.0,False
2026-08-02,yandex,люстра в детскую,,False
2026-08-02,yandex,люстра в зал,,False
2026-08-02,yandex,люстра в кабинет,2.0,False
2026-08-02,yandex,люстра в квартиру,4.0,False
2026-08-02,yandex,люстра в квартиру а спальне,24.0,False
2026-08-02,yandex,люстра в комнату,7.0,False
2026-08-02,yandex,люстра в комнату купить,5.0,False
2026-08-02,yandex,люстра в коридор,,False
2026-08-02,yandex,люстра в мужскую спальню,7.0,False
2026-08-02,yandex,люстра в прихожую,5.0,False
2026-08-02,yandex,люстра в современном стиле,4.0,False
2026-08-02,yandex,люстра в спальню,6.0,False
2026-08-02,yandex,люстра в спальню купить,,False
2026-08-02,yandex,люстра в спальню потолочная,5.0,False
2026-08-02,yandex,люстра в стиле арт деко купить,,False
2026-08-02,yandex,люстра в стиле кантри,10.0,False
2026-08-02,yandex,люстра в стиле прованс,6.0,False
2026-08-02,yandex,люстра вентилятор,22.0,False
2026-08-02,yandex,люстра вентилятор потолочный,19.0,False
2026-08-02,yandex,люстра для гостиной,,False
2026-08-02,yandex,люстра для дачи,,False
2026-08-02,yandex,люстра для комнаты,6.0,False
2026-08-02,yandex,люстра для кухни,,False
2026-08-02,yandex,люстра для прихожей высокой,6.0,False
2026-08-02,yandex,люстра для спальни,7.0,False
2026-08-02,yandex,люстра для спальни купить,7.0,False
2026-08-02,yandex,люстра для спальни потолочная в современном стиле,5.0,False
2026-08-02,yandex,люстра е14,7.0,False
2026-08-02,yandex,люстра е27,10.0,False
2026-08-02,yandex,люстра жаклин,41.0,False
2026-08-02,yandex,люстра золото,24.0,False
2026-08-02,yandex,люстра из дерева,5.0,False
2026-08-02,yandex,люстра из ротанга,18.0,False
2026-08-02,yandex,люстра из ротанга купить,23.0,False
2026-08-02,yandex,люстра из цветного стекла,2.0,False
2026-08-02,yandex,люстра интернет магазин,2.0,False
2026-08-02,yandex,люстра италия,,False
2026-08-02,yandex,люстра каскадная,13.0,False
2026-08-02,yandex,люстра классика,4.0,False
2026-08-02,yandex,люстра кокон,,False
2026-08-02,yandex,люстра кольца,11.0,False
2026-08-02,yandex,люстра крепление на крюк,,False
2026-08-02,yandex,люстра круглая потолочная,4.0,False
2026-08-02,yandex,люстра купить,3.0,False
2026-08-02,yandex,люстра купить в москве,4.0,False
2026-08-02,yandex,люстра купить интернет магазин,3.0,False
2026-08-02,yandex,люстра купить москва,2.0,False
2026-08-02,yandex,люстра латунь,,False
2026-08-02,yandex,люстра лента,12.0,False
2026-08-02,yandex,люстра лофт,14.0,False
2026-08-02,yandex,люстра магазин,4.0,False
2026-08-02,yandex,люстра москва,4.0,False
2026-08-02,yandex,люстра на балкон,,False
2026-08-02,yandex,люстра на веранду,8.0,False
2026-08-02,yandex,люстра на дачу,,False
2026-08-02,yandex,люстра на дом,20.0,False
2026-08-02,yandex,люстра на крюк,3.0,False
2026-08-02,yandex,люстра на крюке,2.0,False
2026-08-02,yandex,люстра на крюке купить,,False
2026-08-02,yandex,люстра на крючке,,False
2026-08-02,yandex,люстра на кухню,5.0,False
2026-08-02,yandex,люстра на кухню потолочная,,False
2026-08-02,yandex,люстра на натяжной потолок,,False
2026-08-02,yandex,люстра на потолок,7.0,False
2026-08-02,yandex,люстра на террасу,4.0,False
2026-08-02,yandex,люстра на штанге,,False
2026-08-02,yandex,люстра над столом,,False
2026-08-02,yandex,люстра не террасу деревянный дом,,False
2026-08-02,yandex,люстра нежность,4.0,False
2026-08-02,yandex,люстра парус,,False
2026-08-02,yandex,люстра паук,22.0,False
2026-08-02,yandex,люстра под крюк,3.0,False
2026-08-02,yandex,люстра под потолок,17.0,False
2026-08-02,yandex,люстра подвесная,,False
2026-08-02,yandex,люстра подвесная купить,3.0,False
2026-08-02,yandex,люстра подвесная на крюк,2.0,False
2026-08-02,yandex,люстра подвесная светодиодная,,False
2026-08-02,yandex,люстра потолочная,4.0,False
2026-08-02,yandex,люстра потолочная в гостиную,,False
2026-08-02,yandex,люстра потолочная дизайнерская,,False
2026-08-02,yandex,люстра потолочная классическая,5.0,False
2026-08-02,yandex,люстра потолочная крепление на крюк,,False
2026-08-02,yandex,люстра потолочная купить,,False
2026-08-02,yandex,люстра потолочная купить в москве,5.0,False
2026-08-02,yandex,люстра потолочная лофт,12.0,False
2026-08-02,yandex,люстра потолочная на дачу,6.0,False
2026-08-02,yandex,люстра потолочная на крюк,2.0,False
2026-08-02,yandex,люстра потолочная плоская,3.0,False
2026-08-02,yandex,люстра потолочная подвесная,10.0,False
2026-08-02,yandex,люстра потолочная с пультом,,False
2026-08-02,yandex,люстра потолочная светодиодная с пультом,,False
2026-08-02,yandex,люстра потолочная стекло,6.0,False
2026-08-02,yandex,люстра потолочная флористика,11.0,False
2026-08-02,yandex,люстра прованс,9.0,False
2026-08-02,yandex,люстра прямоугольная потолочная,8.0,False
2026-08-02,yandex,люстра с абажуром,13.0,False
2026-08-02,yandex,люстра с абажуром из ткани,3.0,False
2026-08-02,yandex,люстра с алисой,,False
2026-08-02,yandex,люстра с вентилятором,7.0,False
2026-08-02,yandex,люстра с креплением на крюк,,False
2026-08-02,yandex,люстра с плафонами,12.0,False
2026-08-02,yandex,люстра с пультом управления,,False
2026-08-02,yandex,люстра самолет,19.0,False
2026-08-02,yandex,люстра светильник потолочный,,False
2026-08-02,yandex,люстра светодиодная потолочная,,False
2026-08-02,yandex,люстра светодиодная потолочная купить,30.0,False
2026-08-02,yandex,люстра свечи,6.0,False
2026-08-02,yandex,люстра современная купить,,False
2026-08-02,yandex,люстра ссср,,False
2026-08-02,yandex,люстра стекло,7.0,False
2026-08-02,yandex,люстра стеклянная,7.0,False
2026-08-02,yandex,люстра таблетка,1.0,False
2026-08-02,yandex,люстра таблетка потолочная купить,2.0,False
2026-08-02,yandex,люстра тиффани,15.0,False
2026-08-02,yandex,люстра тиффани купить,14.0,False
2026-08-02,yandex,люстра фонарь,,False
2026-08-02,yandex,люстра хром,15.0,False
2026-08-02,yandex,люстра хрустальная потолочная,,False
2026-08-02,yandex,люстра цветное стекло,,False
2026-08-02,yandex,люстра цветок,8.0,False
2026-08-02,yandex,люстра цена,5.0,False
2026-08-02,yandex,люстра черная потолочная,13.0,False
2026-08-02,yandex,люстра шар,,False
2026-08-02,yandex,люстры,8.0,False
2026-08-02,yandex,люстры 2026,39.0,False
2026-08-02,yandex,люстры eglo,,False
2026-08-02,yandex,люстры freya каталог,14.0,False
2026-08-02,yandex,люстры арт деко,1.0,False
2026-08-02,yandex,люстры в восточном стиле купить,,False
2026-08-02,yandex,люстры в дом,3.0,False
2026-08-02,yandex,люстры в интерьере,45.0,False
2026-08-02,yandex,люстры в квартиру,2.0,False
2026-08-02,yandex,люстры в комнату,6.0,False
2026-08-02,yandex,люстры в москве,3.0,False
2026-08-02,yandex,люстры в современном интерьере,5.0,False
2026-08-02,yandex,люстры в спальню 2026,4.0,False
2026-08-02,yandex,люстры в стиле арт деко,,False
2026-08-02,yandex,люстры в стиле тиффани,6.0,False
2026-08-02,yandex,люстры гусь,,False
2026-08-02,yandex,люстры гусь хрустальный,,False
2026-08-02,yandex,люстры дешево,7.0,False
2026-08-02,yandex,люстры для дачи,7.0,False
2026-08-02,yandex,люстры для дома,,False
2026-08-02,yandex,люстры для квартиры,,False
2026-08-02,yandex,люстры для комнаты,5.0,False
2026-08-02,yandex,люстры для кухни 2026,,False
2026-08-02,yandex,люстры для натяжных потолков,,False
2026-08-02,yandex,люстры для спальни,3.0,False
2026-08-02,yandex,люстры и потолочные светильники купить,3.0,False
2026-08-02,yandex,люстры и светильники купить,1.0,False
2026-08-02,yandex,люстры из цветного стекла,2.0,False
2026-08-02,yandex,люстры интернет магазин,4.0,False
2026-08-02,yandex,люстры италия распродажа,11.0,False
2026-08-02,yandex,люстры каталог,,False
2026-08-02,yandex,люстры купить,,False
2026-08-02,yandex,люстры купить в москве,4.0,False
2026-08-02,yandex,люстры купить в москве интернет,4.0,False
2026-08-02,yandex,люстры купить москва,7.0,False
2026-08-02,yandex,люстры купить онлайн,2.0,False
2026-08-02,yandex,люстры лампы потолочные,8.0,False
2026-08-02,yandex,люстры люкс,4.0,False
2026-08-02,yandex,люстры модерн,6.0,False
2026-08-02,yandex,люстры москва,3.0,False
2026-08-02,yandex,люстры на крюк,2.0,False
2026-08-02,yandex,люстры на крюке,,False
2026-08-02,yandex,люстры на крючке,6.0,False
2026-08-02,yandex,люстры на кухню 2026,3.0,False
2026-08-02,yandex,люстры официальный сайт,4.0,False
2026-08-02,yandex,люстры под натяжной потолок,,False
2026-08-02,yandex,люстры подвесные,18.0,False
2026-08-02,yandex,люстры подвесные на крюк для кухни,,False
2026-08-02,yandex,люстры потолочные,,False
2026-08-02,yandex,люстры потолочные для спальни в современном стиле,5.0,False
2026-08-02,yandex,люстры потолочные купить,5.0,False
2026-08-02,yandex,люстры потолочные купить в москве,,False
2026-08-02,yandex,люстры потолочные москва,4.0,False
2026-08-02,yandex,люстры потолочные недорого,,False
2026-08-02,yandex,люстры потолочные плоские,6.0,False
2026-08-02,yandex,люстры распродажа,1.0,False
2026-08-02,yandex,люстры распродажа остатков,1.0,False
2026-08-02,yandex,люстры с креплением на крюк,2.0,False
2026-08-02,yandex,люстры с тканевыми абажурами,3.0,False
2026-08-02,yandex,люстры светильники,,False
2026-08-02,yandex,люстры светильники купить,2.0,False
2026-08-02,yandex,люстры ситилюкс каталог,,False
2026-08-02,yandex,люстры современные купить в москве,3.0,False
2026-08-02,yandex,люстры стекло,4.0,False
2026-08-02,yandex,люстры таблетки,1.0,False
2026-08-02,yandex,люстры тиффани,5.0,False
2026-08-02,yandex,люстры тиффани купить,17.0,False
2026-08-02,yandex,люстры фото,17.0,False
2026-08-02,yandex,люстры цены,,False
2026-08-02,yandex,люстры чехия,5.0,False
2026-08-02,yandex,магазин гирлянд,8.0,False
2026-08-02,yandex,магазин ламп,,False
2026-08-02,yandex,магазин лампочек,9.0,False
2026-08-02,yandex,магазин люстр,12.0,False
2026-08-02,yandex,магазин люстр в москве,3.0,False
2026-08-02,yandex,магазин люстр и светильников,4.0,False
2026-08-02,yandex,магазин люстр москва,2.0,False
2026-08-02,yandex,магазин люстры,8.0,False
2026-08-02,yandex,магазин люстры в москве,,False
2026-08-02,yandex,магазин люстры москва,3.0,False
2026-08-02,yandex,магазин осветительных приборов,2.0,False
2026-08-02,yandex,магазин освещения,,False
2026-08-02,yandex,магазин освещения москва,10.0,False
2026-08-02,yandex,магазин свет,5.0,False
2026-08-02,yandex,магазин света,6.0,False
2026-08-02,yandex,магазин света москва,5.0,False
2026-08-02,yandex,магазин светильников,2.0,False
2026-08-02,yandex,магазин светильников в москве,3.0,False
2026-08-02,yandex,магазин светодиодных ламп,,False
2026-08-02,yandex,магазин торшеров в москве,1.0,False
2026-08-02,yandex,магазин уличных фонарей,4.0,False
2026-08-02,yandex,магнитные трековые системы,,False
2026-08-02,yandex,магнитный светильник,,False
2026-08-02,yandex,магнитный трековый светильник,12.0,False
2026-08-02,yandex,майтони,24.0,False
2026-08-02,yandex,майтони люстры,5.0,False
2026-08-02,yandex,маленькая люстра,,False
2026-08-02,yandex,маленький светильник,,False
2026-08-02,yandex,мантра светильники,16.0,False
2026-08-02,yandex,мебельный светильник,11.0,False
2026-08-02,yandex,металлические торшеры,4.0,False
2026-08-02,yandex,мини лампа,,False
2026-08-02,yandex,модные люстры на кухню 2026,19.0,False
2026-08-02,yandex,модные потолочные светильники 2026,,False
2026-08-02,yandex,монтаж светильников,11.0,False
2026-08-02,yandex,мощная лампа,,False
2026-08-02,yandex,мощность ламп,,False
2026-08-02,yandex,мощность светильника,,False
2026-08-02,yandex,мощность светодиодного светильника,,False
2026-08-02,yandex,мощность светодиодных ламп,,False
2026-08-02,yandex,накладка на потолок под люстру,,False
2026-08-02,yandex,накладной светильник ip65,,False
2026-08-02,yandex,накладной точечный светильник,,False
2026-08-02,yandex,накладные светильники,13.0,False
2026-08-02,yandex,накладные споты,,False
2026-08-02,yandex,напольная лампа,,False
2026-08-02,yandex,напольные светильники,7.0,False
2026-08-02,yandex,наружное освещение,,False
2026-08-02,yandex,настенная лампа,,False
2026-08-02,yandex,настенно потолочные светильники,,False
2026-08-02,yandex,настенные бра в современном стиле,3.0,False
2026-08-02,yandex,настенные лампы светильники,2.0,False
2026-08-02,yandex,настенный светильник led,,False
2026-08-02,yandex,настенный светильник maytoni,,False
2026-08-02,yandex,настенный светильник odeon,,False
2026-08-02,yandex,настенный светильник odeon light,,False
2026-08-02,yandex,настенный светильник в ванную,16.0,False
2026-08-02,yandex,настенный светильник для лестницы,9.0,False
2026-08-02,yandex,настенный светильник купить в москве,3.0,False
2026-08-02,yandex,настенный светильник с выключателем,18.0,False
2026-08-02,yandex,настенный светильник черный,22.0,False
2026-08-02,yandex,настенный уличный светильник большой формы,,False
2026-08-02,yandex,настольная лампа,,False
2026-08-02,yandex,настольная лампа led,5.0,False
2026-08-02,yandex,настольная лампа в классическом стиле,2.0,False
2026-08-02,yandex,настольная лампа в морском стиле,10.0,False
2026-08-02,yandex,настольная лампа для рабочего стола,24.0,False
2026-08-02,yandex,настольная лампа красная,16.0,False
2026-08-02,yandex,настольная лампа одеон лайт,4.0,False
2026-08-02,yandex,настольная лампа ретро,1.0,False
2026-08-02,yandex,настольная лампа с абажуром,,False
2026-08-02,yandex,настольная лампа с керамическим основанием,,False
2026-08-02,yandex,настольная лампа стекло,4.0,False
2026-08-02,yandex,настольная лампа флористика,7.0,False
2026-08-02,yandex,настольная лампа чехия,4.0,False
2026-08-02,yandex,настольные лампы в стиле ретро,3.0,False
2026-08-02,yandex,настольные лампы для рабочего стола,,False
2026-08-02,yandex,настольные лампы и светильники,,False
2026-08-02,yandex,настольные лампы из дерева,15.0,False
2026-08-02,yandex,настольные лампы москва,7.0,False
2026-08-02,yandex,натяжная лампа,,False
2026-08-02,yandex,натяжная люстра,,False
2026-08-02,yandex,недорогие люстры,3.0,False
2026-08-02,yandex,нейтральная лампа,,False
2026-08-02,yandex,немецкие люстры,3.0,False
2026-08-02,yandex,неоновая лампа,,False
2026-08-02,yandex,ночная подсветка коридора,,False
2026-08-02,yandex,ночники,,False
2026-08-02,yandex,ньюпорт светильники,4.0,False
2026-08-02,yandex,одеон лайт,,False
2026-08-02,yandex,одеон цены,13.0,False
2026-08-02,yandex,однофазные трековые светильники,7.0,False
2026-08-02,yandex,освещение в квартире 2026,1.0,False
2026-08-02,yandex,освещение в спальне,,False
2026-08-02,yandex,освещение в спальне с натяжными потолками,,False
2026-08-02,yandex,освещение для спальни,,False
2026-08-02,yandex,освещение купить,13.0,False
2026-08-02,yandex,освещение люстры,2.0,False
2026-08-02,yandex,освещение на веранде,5.0,False
2026-08-02,yandex,освещение на кухне 2026,,False
2026-08-02,yandex,освещение на уличной веранде,3.0,False
2026-08-02,yandex,освещение сайт,1.0,False
2026-08-02,yandex,офисные светильники,13.0,False
2026-08-02,yandex,парковые светильники,,False
2026-08-02,yandex,планка для люстры,,False
2026-08-02,yandex,плафон,12.0,False
2026-08-02,yandex,плафон для лампы,7.0,False
2026-08-02,yandex,плафон на люстру st luce круглый,2.0,False
2026-08-02,yandex,плафон освещения,11.0,False
2026-08-02,yandex,плафон освещения потолочный,9.0,False
2026-08-02,yandex,плафон светильника,,False
2026-08-02,yandex,плафоны для бра,4.0,False
2026-08-02,yandex,плафоны для люстр,,False
2026-08-02,yandex,плафоны для люстры купить,9.0,False
2026-08-02,yandex,плафоны для люстры купить отдельно в москве,8.0,False
2026-08-02,yandex,плафоны для светильников,,False
2026-08-02,yandex,плоская люстра,8.0,False
2026-08-02,yandex,поворотный светильник,,False
2026-08-02,yandex,под потолочный светильник,12.0,False
2026-08-02,yandex,подвес для светильника,17.0,False
2026-08-02,yandex,подвески для люстры,,False
2026-08-02,yandex,подвесная лампа,,False
2026-08-02,yandex,подвесное крепление люстры,5.0,False
2026-08-02,yandex,подвесной led светильник,,False
2026-08-02,yandex,подвесной линейный светильник,25.0,False
2026-08-02,yandex,подвесной светильник,2.0,False
2026-08-02,yandex,подвесной светильник 4000к,,False
2026-08-02,yandex,подвесной светильник maytoni,25.0,False
2026-08-02,yandex,подвесной светильник белый,,False
2026-08-02,yandex,подвесной светильник для кухни,,False
2026-08-02,yandex,подвесной светильник из ротанга,14.0,False
2026-08-02,yandex,подвесной светильник над столом,,False
2026-08-02,yandex,подвесной светильник черный,,False
2026-08-02,yandex,подвесной светодиодный светильник,44.0,False
2026-08-02,yandex,подключение люстры,,False
2026-08-02,yandex,подрозетник maytoni,2.0,False
2026-08-02,yandex,подсветка в ванной,,False
2026-08-02,yandex,подсветка дома снаружи,,False
2026-08-02,yandex,подсветка кухонного гарнитура,,False
2026-08-02,yandex,подсветка лестницы на ступенях,,False
2026-08-02,yandex,подсветка потолка,,False
2026-08-02,yandex,подсветка стены,,False
2026-08-02,yandex,подъемник для люстры,8.0,False
2026-08-02,yandex,польские люстры,3.0,False
2026-08-02,yandex,потолочная люстра в виде палочек,1.0,False
2026-08-02,yandex,потолочное крепление для люстры,4.0,False
2026-08-02,yandex,потолочные светильники 2026,,False
2026-08-02,yandex,потолочные светильники встраиваемые для гипсокартона купить,,False
2026-08-02,yandex,потолочные светильники для натяжных,,False
2026-08-02,yandex,потолочные светильники для натяжных потолков,,False
2026-08-02,yandex,потолочные светильники для террасы,,False
2026-08-02,yandex,потолочный светильник gx53,27.0,False
2026-08-02,yandex,потолочный светильник maytoni,,False
2026-08-02,yandex,потолочный светильник белый,,False
2026-08-02,yandex,потолочный светильник в ванную,11.0,False
2026-08-02,yandex,потолочный светильник в комнату,6.0,False
2026-08-02,yandex,потолочный светильник для ванной комнаты,10.0,False
2026-08-02,yandex,потолочный светильник купить в москве,3.0,False
2026-08-02,yandex,потолочный светильник на балкон,1.0,False
2026-08-02,yandex,потолочный светильник тарелка металл,4.0,False
2026-08-02,yandex,почему светодиодные лампы,,False
2026-08-02,yandex,прикроватная лампа,,False
2026-08-02,yandex,прикроватные светильники,,False
2026-08-02,yandex,провод для светильника,,False
2026-08-02,yandex,прожектор,,False
2026-08-02,yandex,производители светодиодных лент,,False
2026-08-02,yandex,профиль arlight,,False
2026-08-02,yandex,профиль arlight алюминий,,False
2026-08-02,yandex,профиль для подсветки ступеней,18.0,False
2026-08-02,yandex,прямоугольные светильники,,False
2026-08-02,yandex,пульт для лампы,6.0,False
2026-08-02,yandex,пульт для люстры,,False
2026-08-02,yandex,пульт для потолочного светильника,5.0,False
2026-08-02,yandex,пульт для светильника,,False
2026-08-02,yandex,пульт для светодиодной люстры,7.0,False
2026-08-02,yandex,пульт ду для люстры,8.0,False
2026-08-02,yandex,пульт от лампы,8.0,False
2026-08-02,yandex,пульт от люстры,4.0,False
2026-08-02,yandex,распродажа люстр,1.0,False
2026-08-02,yandex,реечный светильник,,False
2026-08-02,yandex,ретро лампы,,False
2026-08-02,yandex,ретро люстра,20.0,False
2026-08-02,yandex,ретро светильники,11.0,False
2026-08-02,yandex,рожки люстры,,False
2026-08-02,yandex,рожковая люстра,,False
2026-08-02,yandex,российские светильники,4.0,False
2026-08-02,yandex,ротанговые светильники,4.0,False
2026-08-02,yandex,садовое освещение,,False
2026-08-02,yandex,садовые светильники купить,20.0,False
2026-08-02,yandex,садовые светильники на солнечных,,False
2026-08-02,yandex,садовые светильники столбики,3.0,False
2026-08-02,yandex,садовые фонари,,False
2026-08-02,yandex,садовые фонари купить,16.0,False
2026-08-02,yandex,садовые фонари электрические,5.0,False
2026-08-02,yandex,сайт люстры,2.0,False
2026-08-02,yandex,самый большой магазин люстр в москве,,False
2026-08-02,yandex,сборка люстры,,False
2026-08-02,yandex,свет купить,8.0,False
2026-08-02,yandex,свет люстры,1.0,False
2026-08-02,yandex,свет люстры светильники,3.0,False
2026-08-02,yandex,светильник,,False
2026-08-02,yandex,светильник 1200мм,,False
2026-08-02,yandex,светильник 24 вольта,39.0,False
2026-08-02,yandex,светильник 600х600,,False
2026-08-02,yandex,светильник citilux,6.0,False
2026-08-02,yandex,светильник dali,,False
2026-08-02,yandex,светильник e27,,False
2026-08-02,yandex,светильник elektrostandard,,False
2026-08-02,yandex,светильник favourite,9.0,False
2026-08-02,yandex,светильник gauss,35.0,False
2026-08-02,yandex,светильник gu10,,False
2026-08-02,yandex,светильник ip44,,False
2026-08-02,yandex,светильник ip54,,False
2026-08-02,yandex,светильник ip65,17.0,False
2026-08-02,yandex,светильник ip67,28.0,False
2026-08-02,yandex,светильник ip68,,False
2026-08-02,yandex,светильник led,,False
2026-08-02,yandex,светильник led ip65,,False
2026-08-02,yandex,светильник massive,10.0,False
2026-08-02,yandex,светильник maytoni technical,,False
2026-08-02,yandex,светильник novotech,,False
2026-08-02,yandex,светильник odeon,4.0,False
2026-08-02,yandex,светильник odeon light,3.0,False
2026-08-02,yandex,светильник varton,,False
2026-08-02,yandex,светильник аварийного освещения,,False
2026-08-02,yandex,светильник айсберг,,False
2026-08-02,yandex,светильник армстронг,15.0,False
2026-08-02,yandex,светильник белый,18.0,False
2026-08-02,yandex,светильник бра,9.0,False
2026-08-02,yandex,светильник бра настенный,7.0,False
2026-08-02,yandex,светильник в беседку подвесной купить,,False
2026-08-02,yandex,светильник в ванну,4.0,False
2026-08-02,yandex,светильник в ванную комнату,10.0,False
2026-08-02,yandex,светильник в ванную комнату настенный купить в москве,,False
2026-08-02,yandex,светильник в ванную комнату потолочный,,False
2026-08-02,yandex,светильник в комнату,,False
2026-08-02,yandex,светильник в коридор,5.0,False
2026-08-02,yandex,светильник в коридор потолочный,4.0,False
2026-08-02,yandex,светильник в санузел,5.0,False
2026-08-02,yandex,светильник в спальню,,False
2026-08-02,yandex,светильник влагозащищенный,9.0,False
2026-08-02,yandex,светильник встраиваемый gx53,,False
2026-08-02,yandex,светильник встраиваемый ip20,,False
2026-08-02,yandex,светильник встраиваемый ip54,,False
2026-08-02,yandex,светильник встраиваемый светодиодный,33.0,False
2026-08-02,yandex,светильник встроенный белый,32.0,False
2026-08-02,yandex,светильник выход,,False
2026-08-02,yandex,светильник грунтовый,15.0,False
2026-08-02,yandex,светильник для бани,,False
2026-08-02,yandex,светильник для ванной,13.0,False
2026-08-02,yandex,светильник для ванной комнаты,,False
2026-08-02,yandex,светильник для ванной настольный,1.0,False
2026-08-02,yandex,светильник для ванной потолочный влагозащищенный накладной,,False
2026-08-02,yandex,светильник для ванны,,False
2026-08-02,yandex,светильник для ванны потолочный,12.0,False
2026-08-02,yandex,светильник для подвесного потолка,,False
2026-08-02,yandex,светильник е27,,False
2026-08-02,yandex,светильник из ротанга,8.0,False
2026-08-02,yandex,светильник икеа,,False
2026-08-02,yandex,светильник квадратный,10.0,False
2026-08-02,yandex,светильник кольцо,,False
2026-08-02,yandex,светильник консольный светодиодный уличный,,False
2026-08-02,yandex,светильник круг,,False
2026-08-02,yandex,светильник круглый,11.0,False
2026-08-02,yandex,светильник круглый накладной,,False
2026-08-02,yandex,светильник круглый потолочный,,False
2026-08-02,yandex,светильник лофт,,False
2026-08-02,yandex,светильник люминесцентный,,False
2026-08-02,yandex,светильник люстра,,False
2026-08-02,yandex,светильник люстра купить,,False
2026-08-02,yandex,светильник металлический,,False
2026-08-02,yandex,светильник на аккумуляторе,,False
2026-08-02,yandex,светильник на балкон,1.0,False
2026-08-02,yandex,светильник на балкон настенный,1.0,False
2026-08-02,yandex,светильник на батарейках,,False
2026-08-02,yandex,светильник на веранду,4.0,False
2026-08-02,yandex,светильник на движение,,False
2026-08-02,yandex,светильник на кухню,8.0,False
2026-08-02,yandex,светильник на кухню потолочный,3.0,False
2026-08-02,yandex,светильник на лоджию,2.0,False
2026-08-02,yandex,светильник на открытую веранду,,False
2026-08-02,yandex,светильник на прищепке,6.0,False
2026-08-02,yandex,светильник на солнечной батарее,,False
2026-08-02,yandex,светильник на стену,,False
2026-08-02,yandex,светильник на стол,7.0,False
2026-08-02,yandex,светильник на столб,,False
2026-08-02,yandex,светильник на террасу,3.0,False
2026-08-02,yandex,светильник на террасу настенный,6.0,False
2026-08-02,yandex,светильник над кухонным столом,,False
2026-08-02,yandex,светильник над столом,,False
2026-08-02,yandex,светильник наружный,6.0,False
2026-08-02,yandex,светильник настенно потолочный светодиодный,18.0,False
2026-08-02,yandex,светильник настенный,5.0,False
2026-08-02,yandex,светильник настенный ip65,30.0,False
2026-08-02,yandex,светильник настенный белый,,False
2026-08-02,yandex,светильник настенный круглый,,False
2026-08-02,yandex,светильник настенный с выключателем на шнуре,,False
2026-08-02,yandex,светильник настенный светодиодный,,False
2026-08-02,yandex,светильник настольный,,False
2026-08-02,yandex,светильник ночник,,False
2026-08-02,yandex,светильник онлайн,10.0,False
2026-08-02,yandex,светильник панель,,False
2026-08-02,yandex,светильник плоский,10.0,False
2026-08-02,yandex,светильник плоский потолочный,15.0,False
2026-08-02,yandex,светильник потолочный,,False
2026-08-02,yandex,светильник потолочный 60 60,,False
2026-08-02,yandex,светильник потолочный ip65,,False
2026-08-02,yandex,светильник потолочный армстронг,,False
2026-08-02,yandex,светильник потолочный влагозащищенный,8.0,False
2026-08-02,yandex,светильник потолочный встраиваемый,17.0,False
2026-08-02,yandex,светильник потолочный для ванной,,False
2026-08-02,yandex,светильник потолочный квадратный,,False
2026-08-02,yandex,светильник потолочный линейный,,False
2026-08-02,yandex,светильник потолочный накладной,17.0,False
2026-08-02,yandex,светильник потолочный накладной круглый,17.0,False
2026-08-02,yandex,светильник потолочный подвесной,5.0,False
2026-08-02,yandex,светильник потолочный светодиодный белый,25.0,False
2026-08-02,yandex,светильник потолочный светодиодный квадратный,,False
2026-08-02,yandex,светильник потолочный светодиодный линейный,,False
2026-08-02,yandex,светильник потолочный трековый,,False
2026-08-02,yandex,светильник прищепка,4.0,False
2026-08-02,yandex,светильник регулируемый,,False
2026-08-02,yandex,светильник ру,12.0,False
2026-08-02,yandex,светильник с вентилятором,9.0,False
2026-08-02,yandex,светильник с вентилятором потолочный,17.0,False
2026-08-02,yandex,светильник с веревочным выключателем,11.0,False
2026-08-02,yandex,светильник с датчиком,,False
2026-08-02,yandex,светильник с датчиком движения,,False
2026-08-02,yandex,светильник с прищепкой,,False
2026-08-02,yandex,светильник садово парковый,,False
2026-08-02,yandex,светильник садовый,,False
2026-08-02,yandex,светильник садовый на солнечных батареях,,False
2026-08-02,yandex,светильник светодиодный 220в,,False
2026-08-02,yandex,светильник светодиодный 5000к,,False
2026-08-02,yandex,светильник светодиодный 600х600,,False
2026-08-02,yandex,светильник светодиодный ip54,,False
2026-08-02,yandex,светильник светодиодный ip65,,False
2026-08-02,yandex,светильник светодиодный ip67,,False
2026-08-02,yandex,светильник светодиодный ip68,,False
2026-08-02,yandex,светильник светодиодный внутреннего освещения,,False
2026-08-02,yandex,светильник светодиодный квадратный,,False
2026-08-02,yandex,светильник светодиодный накладной,24.0,False
2026-08-02,yandex,светильник светодиодный потолочный,4.0,False
2026-08-02,yandex,светильник светодиодный потолочный ip65,,False
2026-08-02,yandex,светильник светодиодный потолочный встраиваемый,39.0,False
2026-08-02,yandex,светильник светодиодный потолочный круглый,,False
2026-08-02,yandex,светильник светодиодный потолочный накладной,25.0,False
2026-08-02,yandex,светильник светодиодный промышленный,,False
2026-08-02,yandex,светильник светодиодный с датчиком,,False
2026-08-02,yandex,светильник светодиодный уличный,,False
2026-08-02,yandex,светильник светодиодный черный,,False
2026-08-02,yandex,светильник солнечный садовый,,False
2026-08-02,yandex,светильник спот,7.0,False
2026-08-02,yandex,светильник спот потолочный,,False
2026-08-02,yandex,светильник спот ретро стиль,,False
2026-08-02,yandex,светильник торшер,,False
2026-08-02,yandex,светильник торшер в угол,9.0,False
2026-08-02,yandex,светильник точечный потолочный,5.0,False
2026-08-02,yandex,светильник точечный уличный встраиваемый,9.0,False
2026-08-02,yandex,светильник трековый светодиодный,9.0,False
2026-08-02,yandex,светильник угловой,,False
2026-08-02,yandex,светильник уличного освещения,18.0,False
2026-08-02,yandex,светильник уличный ip65,6.0,False
2026-08-02,yandex,светильник уличный reluse,2.0,False
2026-08-02,yandex,светильник уличный влагозащищенный,4.0,False
2026-08-02,yandex,светильник уличный консольный,,False
2026-08-02,yandex,светильник уличный на столб,,False
2026-08-02,yandex,светильник уличный напольный,,False
2026-08-02,yandex,светильник уличный настенный,,False
2026-08-02,yandex,светильник уличный настенный влагозащищенный,10.0,False
2026-08-02,yandex,светильник уличный подвесной,5.0,False
2026-08-02,yandex,светильник уличный подвесной металлический,10.0,False
2026-08-02,yandex,светильник уличный потолочный,9.0,False
2026-08-02,yandex,светильник уличный садовый,,False
2026-08-02,yandex,светильник уличный светодиодный на столб,,False
2026-08-02,yandex,светильник уличный столбик,4.0,False
2026-08-02,yandex,светильник уличный черный,,False
2026-08-02,yandex,светильник уличный шар,20.0,False
2026-08-02,yandex,светильник фасадный уличный,,False
2026-08-02,yandex,светильник фонарь,7.0,False
2026-08-02,yandex,светильник цена,,False
2026-08-02,yandex,светильник шар,4.0,False
2026-08-02,yandex,светильник шар подвесной,20.0,False
2026-08-02,yandex,светильники ambrella,5.0,False
2026-08-02,yandex,светильники arte,12.0,False
2026-08-02,yandex,светильники arte lamp,,False
2026-08-02,yandex,светильники eglo,8.0,False
2026-08-02,yandex,светильники maytoni,8.0,False
2026-08-02,yandex,светильники newport,8.0,False
2026-08-02,yandex,светильники в ванную,10.0,False
2026-08-02,yandex,светильники в ванную комнату на потолок,16.0,False
2026-08-02,yandex,светильники в ванную комнату на потолок влагозащищенный,,False
2026-08-02,yandex,светильники в восточном стиле,,False
2026-08-02,yandex,светильники в интерьере,,False
2026-08-02,yandex,светильники в москве,3.0,False
2026-08-02,yandex,светильники в наличии,1.0,False
2026-08-02,yandex,светильники встраиваемые в потолок,14.0,False
2026-08-02,yandex,светильники для балкона,1.0,False
2026-08-02,yandex,светильники для ванной настенные,9.0,False
2026-08-02,yandex,светильники для веранды,4.0,False
2026-08-02,yandex,светильники для влажных помещений,7.0,False
2026-08-02,yandex,светильники для дачи,17.0,False
2026-08-02,yandex,светильники для натяжных потолков,,False
2026-08-02,yandex,светильники для открытой террасы,2.0,False
2026-08-02,yandex,светильники для помещений,20.0,False
2026-08-02,yandex,светильники для сада,,False
2026-08-02,yandex,светильники для террасы,,False
2026-08-02,yandex,светильники и люстры,2.0,False
2026-08-02,yandex,светильники из гипса,10.0,False
2026-08-02,yandex,светильники из китая,6.0,False
2026-08-02,yandex,светильники из металла,2.0,False
2026-08-02,yandex,светильники из ротанга купить,,False
2026-08-02,yandex,светильники купить,4.0,False
2026-08-02,yandex,светильники купить москва,4.0,False
2026-08-02,yandex,светильники ландшафтные уличные столбики светодиодный,3.0,False
2026-08-02,yandex,светильники майтони,3.0,False
2026-08-02,yandex,светильники москва,1.0,False
2026-08-02,yandex,светильники на дом,5.0,False
2026-08-02,yandex,светильники на потолок,,False
2026-08-02,yandex,светильники на солнечных батареях уличные купить,,False
2026-08-02,yandex,светильники над кухней,,False
2026-08-02,yandex,светильники настенные для внутреннего освещения,,False
2026-08-02,yandex,светильники под натяжной потолок,,False
2026-08-02,yandex,светильники подвесные четыре лампы на одной основе,28.0,False
2026-08-02,yandex,светильники потолочные 600х600,,False
2026-08-02,yandex,светильники потолочные эра,,False
2026-08-02,yandex,светильники российского производства,4.0,False
2026-08-02,yandex,светильники световые технологии,,False
2026-08-02,yandex,светильники споты,,False
2026-08-02,yandex,светильники уличные настенные влагозащищенные для загородного дома купить,,False
2026-08-02,yandex,светильники хром,,False
2026-08-02,yandex,светильники чехия,3.0,False
2026-08-02,yandex,светлый магазин,1.0,False
2026-08-02,yandex,световая температура светильников,,False
2026-08-02,yandex,световой занавес,10.0,False
2026-08-02,yandex,световой столб купить,,False
2026-08-02,yandex,светодиодная лампа 220в,,False
2026-08-02,yandex,светодиодная лента arlight,,False
2026-08-02,yandex,светодиодная люстра,4.0,False
2026-08-02,yandex,светодиодное освещение,,False
2026-08-02,yandex,светодиодные лампы,17.0,False
2026-08-02,yandex,светодиодные лампы накаливания,,False
2026-08-02,yandex,светодиодные лампы теплый свет,,False
2026-08-02,yandex,светодиодные ленты rgb,,False
2026-08-02,yandex,светодиодные настольные лампы для дома,21.0,False
2026-08-02,yandex,светодиодные светильники,5.0,False
2026-08-02,yandex,светодиодные светильники 6500к,,False
2026-08-02,yandex,светодиодный модуль купить,,False
2026-08-02,yandex,светодиодный светильник 1200мм,,False
2026-08-02,yandex,светодиодный светильник feron,,False
2026-08-02,yandex,светодиодный светильник led,17.0,False
2026-08-02,yandex,светодиодный светильник армстронг,,False
2026-08-02,yandex,светодиодный светильник с датчиком движения,,False
2026-08-02,yandex,светодиодный уличный фонарь,31.0,False
2026-08-02,yandex,синяя люстра,,False
2026-08-02,yandex,система светильников,,False
2026-08-02,yandex,ситилюкс люстры,,False
2026-08-02,yandex,ситилюкс сайт,9.0,False
2026-08-02,yandex,ситилюкс светильники официальный сайт,11.0,False
2026-08-02,yandex,сколько стоит люстра,,False
2026-08-02,yandex,советская лампа,,False
2026-08-02,yandex,советская люстра,,False
2026-08-02,yandex,современная потолочная люстра,3.0,False
2026-08-02,yandex,современные люстры,3.0,False
2026-08-02,yandex,современные люстры в гостиную,2.0,False
2026-08-02,yandex,современные люстры купить,5.0,False
2026-08-02,yandex,современные светильники,3.0,False
2026-08-02,yandex,солевая лампа,,False
2026-08-02,yandex,солнечная лампа,,False
2026-08-02,yandex,солнечный уличный светильник,,False
2026-08-02,yandex,солнечный уличный фонарь,,False
2026-08-02,yandex,соляная лампа,,False
2026-08-02,yandex,сонекс,,False
2026-08-02,yandex,сонекс светильники,4.0,False
2026-08-02,yandex,спальня с торшером,10.0,False
2026-08-02,yandex,спот,3.0,False
2026-08-02,yandex,спот белый,,False
2026-08-02,yandex,спот винтаж,1.0,False
2026-08-02,yandex,спот встраиваемый,10.0,False
2026-08-02,yandex,спот купить,6.0,False
2026-08-02,yandex,спот на 4 лампы,1.0,False
2026-08-02,yandex,спот на 4 лампы на основании настенный,1.0,False
2026-08-02,yandex,спот поворотный,,False
2026-08-02,yandex,спот ретро,1.0,False
2026-08-02,yandex,спот светодиодный,5.0,False
2026-08-02,yandex,спот система,7.0,False
2026-08-02,yandex,спот товары,,False
2026-08-02,yandex,спот цена,,False
2026-08-02,yandex,споты,4.0,False
2026-08-02,yandex,споты купить,7.0,False
2026-08-02,yandex,споты потолочные,7.0,False
2026-08-02,yandex,споты черные,,False
2026-08-02,yandex,срот,,False
2026-08-02,yandex,стеклянная лампа,,False
2026-08-02,yandex,стеклянные люстры,,False
2026-08-02,yandex,стеклянный светильник,7.0,False
2026-08-02,yandex,степень защиты светильников,,False
2026-08-02,yandex,стили люстр,6.0,False
2026-08-02,yandex,стильные люстры 2026,18.0,False
2026-08-02,yandex,стильный свет светильники,,False
2026-08-02,yandex,столб освещения,,False
2026-08-02,yandex,столб уличный,9.0,False
2026-08-02,yandex,столбик садовый с подсветкой,6.0,False
2026-08-02,yandex,столбы освещения,,False
2026-08-02,yandex,столбы освещения уличные купить,16.0,False
2026-08-02,yandex,столбы фонарные уличного освещения,8.0,False
2026-08-02,yandex,струнная система освещения,,False
2026-08-02,yandex,струнные светильники,5.0,False
2026-08-02,yandex,температура светильников,,False
2026-08-02,yandex,типы светильников,,False
2026-08-02,yandex,тканевая люстра потолочная,3.0,False
2026-08-02,yandex,тканевые потолочные светильники,,False
2026-08-02,yandex,ткань для абажура,46.0,False
2026-08-02,yandex,торшел флористика купить в москве,2.0,False
2026-08-02,yandex,торшер,3.0,False
2026-08-02,yandex,торшер арка,11.0,False
2026-08-02,yandex,торшер для гостиной,4.0,False
2026-08-02,yandex,торшер дуга,,False
2026-08-02,yandex,торшер изогнутый,,False
2026-08-02,yandex,торшер икеа,,False
2026-08-02,yandex,торшер керамический,2.0,False
2026-08-02,yandex,торшер купить в москве,9.0,False
2026-08-02,yandex,торшер нависающий над диваном,,False
2026-08-02,yandex,торшер напольный,13.0,False
2026-08-02,yandex,торшер напольный в стиле лофт,12.0,False
2026-08-02,yandex,торшер напольный изогнутый,6.0,False
2026-08-02,yandex,торшер напольный москва,11.0,False
2026-08-02,yandex,торшер напольный с абажуром,18.0,False
2026-08-02,yandex,торшер напольный со стеклянным плафоном ландыш,,False
2026-08-02,yandex,торшер ретро,2.0,False
2026-08-02,yandex,торшер со столиком,,False
2026-08-02,yandex,торшер современный напольный,4.0,False
2026-08-02,yandex,торшер столик,10.0,False
2026-08-02,yandex,торшер тренога,,False
2026-08-02,yandex,торшер хрустальный германия напольный купить в москве,2.0,False
2026-08-02,yandex,торшер черный,5.0,False
2026-08-02,yandex,торшеры москва,,False
2026-08-02,yandex,торшеры напольные купить в москве,,False
2026-08-02,yandex,точечные лампы,8.0,False
2026-08-02,yandex,точечные светильники,4.0,False
2026-08-02,yandex,точечные светильники для натяжных,11.0,False
2026-08-02,yandex,точечные светильники для натяжных потолков,,False
2026-08-02,yandex,точечные светильники для потолков,10.0,False
2026-08-02,yandex,точечный светильник белый,21.0,False
2026-08-02,yandex,точечный светильник потолочный встраиваемый,6.0,False
2026-08-02,yandex,точечный светильник светодиодный,15.0,False
2026-08-02,yandex,трек освещение,22.0,False
2026-08-02,yandex,трек светильник,,False
2026-08-02,yandex,трек уличный ip67,1.0,False
2026-08-02,yandex,трековая система освещения купить,,False
2026-08-02,yandex,трековое освещение в коридоре,4.0,False
2026-08-02,yandex,трековые светильники,,False
2026-08-02,yandex,трековые светильники dali,,False
2026-08-02,yandex,трековые светильники купить,17.0,False
2026-08-02,yandex,трековый светильник ip44,1.0,False
2026-08-02,yandex,трековый светильник maytoni,,False
2026-08-02,yandex,трековый светильник белый,33.0,False
2026-08-02,yandex,трековый светильник для натяжного потолка,,False
2026-08-02,yandex,трековый светильник латунь,17.0,False
2026-08-02,yandex,трековый светильник трехфазный,3.0,False
2026-08-02,yandex,трековый светильник черный,,False
2026-08-02,yandex,трехфазная трековая система,11.0,False
2026-08-02,yandex,трехфазный светильник,17.0,False
2026-08-02,yandex,уличная лампа,,False
2026-08-02,yandex,уличная люстра,,False
2026-08-02,yandex,уличное освещение,,False
2026-08-02,yandex,уличное освещение веранды,,False
2026-08-02,yandex,уличное освещение для загородного дома,,False
2026-08-02,yandex,уличное освещение столбы,13.0,False
2026-08-02,yandex,уличные люстры,7.0,False
2026-08-02,yandex,уличные настенные светильники для загородного дома купить,4.0,False
2026-08-02,yandex,уличные подвесные светильники для террасы и веранды,4.0,False
2026-08-02,yandex,уличные потолочные светильники встраиваемые,10.0,False
2026-08-02,yandex,уличные светильники,,False
2026-08-02,yandex,уличные светильники в стиле лофт,,False
2026-08-02,yandex,уличные светильники для загородного,6.0,False
2026-08-02,yandex,уличные светильники для загородного дома,7.0,False
2026-08-02,yandex,уличные светильники для загородного дома на стену,,False
2026-08-02,yandex,уличные светильники для загородного дома наземные влагозащищенные купить в москве,6.0,False
2026-08-02,yandex,уличные светильники для террасы,2.0,False
2026-08-02,yandex,уличные светильники италия,6.0,False
2026-08-02,yandex,уличные светильники майтони,27.0,False
2026-08-02,yandex,уличные светильники на дом,9.0,False
2026-08-02,yandex,уличные светильники на столбы,28.0,False
2026-08-02,yandex,уличные столбы освещения,9.0,False
2026-08-02,yandex,уличные фонари,,False
2026-08-02,yandex,уличные фонари для загородного дома,4.0,False
2026-08-02,yandex,уличные фонари столбики,3.0,False
2026-08-02,yandex,уличный красный светильник,5.0,False
2026-08-02,yandex,уличный ландшафтный светильник,7.0,False
2026-08-02,yandex,уличный наземный светильник,8.0,False
2026-08-02,yandex,уличный подвесной фонарь,,False
2026-08-02,yandex,уличный потолочный светильник на террасу,3.0,False
2026-08-02,yandex,уличный светильник на солнечной батарее,,False
2026-08-02,yandex,уличный светильник на террасу,4.0,False
2026-08-02,yandex,уличный светильник с датчиком движения,16.0,False
2026-08-02,yandex,уличный светильник столб,,False
2026-08-02,yandex,уличный светильник эра,,False
2026-08-02,yandex,уличный столб освещения,9.0,False
2026-08-02,yandex,уличный трековая система ip65,2.0,False
2026-08-02,yandex,уличный фонарь,,False
2026-08-02,yandex,уличный фонарь на солнечных батареях,,False
2026-08-02,yandex,уличный фонарь на столб купить,,False
2026-08-02,yandex,уличный фонарь с датчиком,,False
2026-08-02,yandex,уличный фонарь с датчиком движения,7.0,False
2026-08-02,yandex,уличный фонарь столб,6.0,False
2026-08-02,yandex,умная люстра,11.0,False
2026-08-02,yandex,умные трековые светильники,7.0,False
2026-08-02,yandex,умный светильник,8.0,False
2026-08-02,yandex,установка люстры,14.0,False
2026-08-02,yandex,установка светильников,,False
2026-08-02,yandex,фасадное освещение,,False
2026-08-02,yandex,фасадные светильники,,False
2026-08-02,yandex,фонари для террасы,4.0,False
2026-08-02,yandex,фонари уличного освещения,8.0,False
2026-08-02,yandex,фонари уличные классические,6.0,False
2026-08-02,yandex,фонарные столбы,5.0,False
2026-08-02,yandex,фонарные столбы купить,7.0,False
2026-08-02,yandex,фонарные столбы уличные,6.0,False
2026-08-02,yandex,фонарные столбы уличные купить,4.0,False
2026-08-02,yandex,фонарный столб,10.0,False
2026-08-02,yandex,фонарный столб для сада,4.0,False
2026-08-02,yandex,фонарный столб купить,12.0,False
2026-08-02,yandex,фонарный столб уличный,3.0,False
2026-08-02,yandex,фонарный столб уличный купить,5.0,False
2026-08-02,yandex,фонарный столб уличный купить в москве,7.0,False
2026-08-02,yandex,фонарь лампа,,False
2026-08-02,yandex,фонарь на столб,45.0,False
2026-08-02,yandex,фонарь подвесной,5.0,False
2026-08-02,yandex,фонарь столб,,False
2026-08-02,yandex,фонарь уличный на столб,38.0,False
2026-08-02,yandex,фонарь уличный подвесной купить,,False
2026-08-02,yandex,фрея свет,6.0,False
2026-08-02,yandex,хочу купить люстру для гостиной хочу посмотреть,3.0,False
2026-08-02,yandex,хрустальная люстра,,False
2026-08-02,yandex,хрустальная люстра купить,,False
2026-08-02,yandex,хрустальное бра,,False
2026-08-02,yandex,хрустальные люстры чехия,7.0,False
2026-08-02,yandex,цветовая температура светильников,,False
2026-08-02,yandex,часы светильник,,False
2026-08-02,yandex,черная лампа,,False
2026-08-02,yandex,черная люстра,30.0,False
2026-08-02,yandex,черный потолочный светильник,,False
2026-08-02,yandex,черный светильник,,False
2026-08-02,yandex,чешская люстра,6.0,False
2026-08-02,yandex,чёрные плоские люстры с эффектом 3d в стиле ар-деко,7.0,False
2026-08-02,yandex,шинопровод для светильников,,False
2026-08-02,yandex,шинопровод для трековых светильников,,False
2026-08-02,yandex,эгло,9.0,False
2026-08-02,yandex,электрическая лампа,,False
2026-08-02,yandex,энергосберегающие лампы,,False
2026-08-02,yandex,энергосберегающие светильники,,False
